question_id,correct_answer,V0_pred,V0_correct,V0_conf,V1_pred,V1_correct,V1_conf,V2_pred,V2_correct,V2_conf,V3_pred,V3_correct,V3_conf,V4_pred,V4_correct,V4_conf
q0000,C,B,False,0.9,B,False,1.0,B,False,0.95,B,False,0.95,B,False,0.85
q0001,E,B,False,0.9,D,False,0.8,C,False,0.95,E,True,0.85,E,True,0.95
q0002,C,C,True,0.9,C,True,0.9,C,True,0.85,B,False,0.85,C,True,0.95
q0003,D,B,False,0.9,D,True,0.9,B,False,0.95,B,False,0.85,A,False,0.95
q0004,B,B,True,0.9,B,True,0.9,B,True,0.95,A,False,0.95,B,True,0.85
q0005,E,C,False,0.9,C,False,0.9,C,False,0.95,B,False,0.85,C,False,0.95
q0006,D,B,False,0.8,B,False,0.9,B,False,0.85,B,False,0.95,A,False,0.95
q0007,C,C,True,0.9,D,False,0.9,D,False,0.85,D,False,0.95,D,False,0.95
q0008,C,C,True,0.9,C,True,1.0,C,True,0.95,C,True,0.95,C,True,0.95
q0009,A,A,True,0.9,A,True,0.8,A,True,0.95,A,True,0.85,E,False,0.8
q0010,E,E,True,0.9,E,True,0.8,B,False,0.95,E,True,0.95,E,True,0.95
q0011,D,D,True,0.9,D,True,0.9,D,True,0.95,D,True,0.85,D,True,0.95
q0012,B,B,True,0.9,B,True,0.95,B,True,0.95,B,True,0.95,B,True,0.95
q0013,E,E,True,0.8,B,False,0.9,A,False,0.95,B,False,0.85,E,True,0.95
q0014,D,D,True,0.9,D,True,0.9,C,False,0.85,E,False,0.85,D,True,0.95
q0015,B,B,True,0.8,B,True,0.8,C,False,0.95,B,True,0.85,B,True,0.95
q0016,E,D,False,0.9,E,True,0.9,E,True,0.95,E,True,0.95,D,False,0.95
q0017,E,E,True,1.0,C,False,1.0,A,False,0.95,A,False,0.95,A,False,0.95
q0018,B,B,True,0.9,B,True,0.9,B,True,0.95,B,True,0.95,A,False,0.95
q0019,E,C,False,0.9,C,False,0.9,C,False,0.95,C,False,0.85,C,False,0.95
q0020,C,C,True,0.9,E,False,0.9,A,False,0.85,C,True,0.85,A,False,0.85
q0021,A,B,False,0.9,C,False,0.9,C,False,0.95,A,True,0.8,E,False,0.95
q0022,D,D,True,0.9,D,True,0.9,D,True,0.95,D,True,0.95,B,False,0.95
q0023,E,B,False,0.9,B,False,0.85,B,False,0.95,B,False,0.85,B,False,0.85
q0024,A,A,True,0.9,A,True,0.9,A,True,0.95,A,True,0.85,A,True,0.95
q0025,E,E,True,0.9,E,True,0.9,D,False,0.95,E,True,0.95,D,False,0.95
q0026,E,E,True,0.9,E,True,0.9,E,True,0.95,E,True,0.85,E,True,0.95
q0027,A,A,True,0.9,A,True,0.9,A,True,0.95,A,True,0.95,A,True,0.95
q0028,D,D,True,0.9,D,True,0.9,D,True,0.95,B,False,0.85,B,False,0.95
q0029,D,D,True,0.9,D,True,0.9,A,False,0.95,A,False,0.95,A,False,0.95
q0030,E,E,True,0.9,E,True,0.9,C,False,0.95,C,False,0.85,E,True,0.85
q0031,C,D,False,0.9,C,True,0.9,D,False,0.95,D,False,0.95,D,False,0.95
q0032,E,C,False,0.9,C,False,0.9,C,False,0.95,C,False,0.95,C,False,0.95
q0033,B,E,False,0.9,E,False,0.9,E,False,0.95,D,False,0.85,E,False,0.95
q0034,B,A,False,0.8,B,True,0.9,A,False,0.85,B,True,0.85,A,False,0.95
q0035,A,A,True,0.9,A,True,0.9,A,True,0.95,A,True,0.85,A,True,0.95
q0036,E,D,False,0.9,D,False,0.9,A,False,0.95,D,False,0.95,D,False,0.95
q0037,A,A,True,0.9,A,True,0.9,A,True,0.85,A,True,0.95,A,True,0.99
q0038,E,E,True,0.8,A,False,0.9,E,True,0.85,A,False,0.8,E,True,0.95
q0039,A,A,True,0.9,C,False,0.9,B,False,0.85,B,False,0.85,A,True,0.95
q0040,D,D,True,0.9,D,True,0.9,D,True,0.95,D,True,0.85,D,True,0.95
q0041,C,C,True,0.9,C,True,0.9,C,True,0.95,C,True,0.95,C,True,0.95
q0042,A,A,True,0.9,A,True,0.9,A,True,0.85,A,True,0.0,A,True,0.95
q0043,C,B,False,0.9,D,False,1.0,D,False,0.95,B,False,0.95,C,True,0.95
q0044,B,D,False,0.9,D,False,0.9,C,False,0.9,B,True,0.85,B,True,0.85
q0045,E,E,True,0.9,C,False,0.9,C,False,0.95,C,False,0.85,E,True,0.95
q0046,C,B,False,0.9,C,True,0.95,A,False,0.95,E,False,0.85,B,False,0.6
q0047,A,A,True,0.9,D,False,0.8,E,False,0.95,A,True,0.95,A,True,0.95
q0048,B,B,True,0.9,B,True,0.9,B,True,0.95,B,True,0.95,B,True,0.95
q0049,D,E,False,0.9,E,False,0.95,B,False,0.95,E,False,0.85,E,False,0.95
q0050,E,E,True,0.9,E,True,1.0,E,True,0.9,E,True,0.95,E,True,0.95
q0051,A,A,True,0.8,E,False,0.9,A,True,0.95,D,False,0.85,D,False,0.95
q0052,D,D,True,0.9,D,True,0.9,D,True,0.85,B,False,0.85,B,False,0.95
q0053,D,C,False,0.9,C,False,0.8,C,False,0.95,C,False,0.95,C,False,0.95
q0054,B,B,True,0.9,B,True,0.9,B,True,0.95,B,True,0.95,B,True,0.95
q0055,B,B,True,0.9,B,True,0.9,B,True,0.95,B,True,0.95,B,True,0.95
q0056,C,C,True,0.9,C,True,0.8,C,True,0.85,A,False,0.85,C,True,0.95
q0057,B,B,True,0.9,B,True,0.9,B,True,0.95,B,True,0.85,B,True,0.95
q0058,C,C,True,0.9,A,False,0.5,B,False,0.95,C,True,0.95,B,False,0.95
q0059,A,C,False,0.9,C,False,0.8,E,False,0.95,C,False,0.95,E,False,0.95
q0060,D,D,True,0.95,D,True,0.9,D,True,0.85,D,True,0.95,D,True,0.85
q0061,A,A,True,0.9,A,True,0.9,A,True,0.95,E,False,0.85,A,True,0.95
q0062,D,D,True,1.0,A,False,0.9,D,True,0.95,B,False,0.85,A,False,0.95
q0063,A,A,True,0.9,E,False,0.9,A,True,0.95,E,False,0.85,A,True,0.95
q0064,A,D,False,0.9,C,False,0.9,D,False,0.95,D,False,0.95,D,False,0.95
q0065,C,C,True,0.9,C,True,0.9,A,False,0.85,A,False,0.95,C,True,0.85
q0066,D,D,True,0.95,D,True,0.9,D,True,0.95,D,True,0.95,D,True,0.95
q0067,C,C,True,0.9,C,True,0.9,C,True,0.95,C,True,0.95,C,True,0.95
q0068,D,C,False,0.9,D,True,0.9,D,True,0.95,A,False,0.6,D,True,0.9
q0069,A,C,False,0.8,C,False,0.9,C,False,0.95,C,False,0.95,C,False,0.95
q0070,A,A,True,0.9,A,True,0.9,A,True,0.95,A,True,0.95,A,True,0.95
q0071,A,A,True,0.85,A,True,0.8,A,True,0.95,A,True,0.85,C,False,0.95
q0072,C,B,False,0.9,B,False,0.9,E,False,0.95,A,False,0.0,B,False,0.85
q0073,B,B,True,0.9,B,True,0.9,C,False,0.85,C,False,0.85,C,False,0.95
q0074,C,C,True,0.9,C,True,0.9,C,True,0.99,C,True,0.9,C,True,0.99
q0075,A,C,False,0.9,E,False,0.8,B,False,0.85,E,False,0.85,E,False,0.95
q0076,B,B,True,0.9,B,True,0.9,B,True,0.95,B,True,0.85,B,True,0.95
q0077,B,A,False,0.9,A,False,0.9,A,False,0.95,C,False,0.85,D,False,0.85
q0078,D,D,True,0.9,D,True,0.9,D,True,0.95,D,True,0.85,D,True,0.85
q0079,C,C,True,0.9,C,True,0.95,B,False,0.95,C,True,0.85,C,True,0.95
q0080,B,B,True,0.9,B,True,0.8,B,True,0.95,B,True,0.85,B,True,0.95
q0081,B,D,False,0.9,D,False,0.9,A,False,0.95,E,False,0.85,E,False,0.95
q0082,C,C,True,0.9,E,False,0.6,C,True,0.95,C,True,0.85,C,True,0.95
q0083,B,B,True,0.8,B,True,0.9,E,False,0.85,B,True,0.85,B,True,0.95
q0084,D,D,True,0.9,A,False,0.9,D,True,0.95,D,True,0.85,D,True,0.95
q0085,C,C,True,0.9,C,True,0.9,C,True,0.95,A,False,0.95,C,True,0.85
q0086,C,C,True,0.8,D,False,0.9,D,False,0.95,D,False,0.95,D,False,0.95
q0087,D,D,True,0.8,D,True,0.8,E,False,0.95,E,False,0.85,A,False,0.95
q0088,C,C,True,0.9,C,True,0.85,E,False,0.95,C,True,0.85,C,True,0.95
q0089,C,C,True,0.9,C,True,0.9,A,False,0.95,A,False,0.85,C,True,0.95
q0090,E,E,True,0.9,E,True,0.9,E,True,0.95,E,True,0.95,B,False,0.95
q0091,B,B,True,0.9,B,True,0.9,E,False,0.95,A,False,0.0,B,True,0.95
q0092,D,D,True,0.9,D,True,0.9,D,True,0.95,D,True,0.85,C,False,0.95
q0093,E,C,False,0.9,D,False,0.8,B,False,0.85,A,False,0.85,A,False,0.95
q0094,C,E,False,0.9,E,False,0.8,A,False,0.95,C,True,0.95,C,True,0.95
q0095,D,D,True,0.9,D,True,0.9,C,False,0.85,C,False,0.8,C,False,0.85
q0096,A,A,True,0.9,A,True,0.9,E,False,0.95,E,False,0.85,E,False,0.6
q0097,B,B,True,0.9,B,True,0.9,B,True,0.85,B,True,0.85,B,True,0.85
q0098,C,C,True,0.9,C,True,0.9,C,True,0.95,B,False,0.95,C,True,0.95
q0099,C,C,True,0.9,C,True,0.9,C,True,0.95,C,True,0.95,C,True,0.95
q0100,E,C,False,0.95,C,False,0.9,C,False,0.95,C,False,0.95,C,False,0.85
q0101,A,A,True,0.9,A,True,0.9,A,True,0.95,A,True,0.95,A,True,0.95
q0102,A,A,True,0.9,A,True,0.9,A,True,0.95,A,True,0.95,A,True,0.95
q0103,A,A,True,0.9,A,True,0.9,A,True,0.95,A,True,0.95,A,True,0.95
q0104,C,C,True,0.9,C,True,0.9,C,True,0.95,C,True,0.85,C,True,0.95
q0105,B,B,True,0.9,B,True,0.9,B,True,0.95,B,True,0.95,B,True,0.95
q0106,C,A,False,0.8,A,False,0.8,C,True,0.95,C,True,0.85,C,True,0.95
q0107,A,D,False,0.9,A,True,0.9,A,True,0.95,A,True,0.95,A,True,0.95
q0108,E,E,True,0.9,B,False,0.9,B,False,0.95,B,False,0.85,A,False,0.95
q0109,C,B,False,0.9,A,False,0.5,A,False,0.0,B,False,0.85,B,False,0.85
q0110,D,D,True,0.8,D,True,0.9,D,True,0.95,D,True,0.85,D,True,0.95
q0111,C,C,True,0.9,C,True,0.9,C,True,0.95,C,True,0.95,C,True,0.95
q0112,B,E,False,0.9,C,False,0.9,E,False,0.85,B,True,0.5,D,False,0.85
q0113,D,D,True,0.9,D,True,0.9,A,False,0.95,C,False,0.8,D,True,0.95
q0114,D,C,False,0.85,C,False,0.8,D,True,0.95,D,True,0.85,D,True,0.95
q0115,E,A,False,0.9,E,True,0.95,E,True,0.95,E,True,0.85,E,True,0.95
q0116,D,D,True,0.9,D,True,0.9,A,False,0.95,A,False,0.95,A,False,0.95
q0117,D,D,True,0.8,E,False,0.8,D,True,0.95,D,True,0.85,D,True,0.95
q0118,E,E,True,0.9,E,True,0.9,E,True,0.95,E,True,0.85,E,True,0.95
q0119,C,C,True,0.9,C,True,0.9,C,True,0.95,C,True,0.95,C,True,0.95
q0120,D,D,True,0.9,D,True,0.9,E,False,0.95,D,True,0.85,A,False,0.95
q0121,B,B,True,0.9,B,True,0.9,B,True,0.95,B,True,0.95,B,True,0.95
q0122,E,E,True,0.9,E,True,0.9,E,True,0.95,E,True,0.95,E,True,0.95
q0123,A,A,True,0.9,A,True,0.9,E,False,0.95,A,True,0.5,A,True,0.95
q0124,B,B,True,0.9,B,True,0.8,B,True,0.95,B,True,0.95,B,True,0.85
q0125,A,A,True,0.8,B,False,0.8,E,False,0.95,E,False,0.85,C,False,0.95
q0126,A,A,True,0.9,A,True,0.9,D,False,0.85,A,True,0.85,A,True,0.95
q0127,D,D,True,0.9,D,True,0.9,D,True,0.85,D,True,0.85,D,True,0.95
q0128,A,E,False,0.9,E,False,0.9,E,False,0.95,A,True,0.85,E,False,0.95
q0129,A,A,True,0.9,D,False,0.9,D,False,0.95,A,True,0.5,A,True,0.95
q0130,B,D,False,0.85,D,False,0.9,B,True,0.95,B,True,0.85,A,False,0.85
q0131,B,B,True,0.8,B,True,0.9,B,True,0.85,C,False,0.95,D,False,0.95
q0132,A,A,True,0.85,A,True,0.9,A,True,0.95,A,True,0.95,A,True,0.95
q0133,B,B,True,0.9,B,True,0.9,B,True,0.95,B,True,0.85,B,True,0.95
q0134,A,A,True,0.9,A,True,0.9,A,True,0.95,C,False,0.8,A,True,0.85
q0135,C,E,False,0.9,C,True,1.0,D,False,0.85,C,True,0.85,E,False,0.95
q0136,D,D,True,0.9,D,True,0.9,A,False,0.95,D,True,0.85,B,False,0.85
q0137,E,D,False,0.9,D,False,0.9,D,False,0.95,D,False,0.8,D,False,0.95
q0138,C,C,True,0.9,A,False,0.9,C,True,0.95,C,True,0.95,A,False,0.95
q0139,D,E,False,0.9,A,False,0.8,A,False,0.95,A,False,0.9,B,False,0.85
q0140,D,B,False,0.9,B,False,0.95,B,False,0.95,B,False,0.95,B,False,0.95
q0141,A,C,False,0.9,C,False,0.9,E,False,0.95,A,True,0.5,E,False,0.95
q0142,A,A,True,0.9,A,True,0.9,A,True,0.95,B,False,0.95,A,True,0.95
q0143,B,B,True,0.9,B,True,0.8,A,False,0.95,B,True,0.95,B,True,0.85
q0144,D,D,True,0.9,D,True,0.9,A,False,0.95,A,False,0.85,D,True,0.85
q0145,D,E,False,0.9,C,False,0.9,E,False,0.95,E,False,0.95,E,False,0.85
q0146,D,E,False,0.9,,False,0.0,D,True,0.85,E,False,0.85,D,True,0.95
q0147,D,D,True,0.8,D,True,0.9,D,True,0.95,D,True,0.95,D,True,0.95
q0148,B,B,True,0.9,B,True,0.85,B,True,0.95,C,False,0.85,B,True,0.95
q0149,E,E,True,0.9,A,False,0.8,A,False,0.95,A,False,0.95,A,False,0.95
q0150,A,B,False,0.9,A,True,0.9,A,True,0.95,A,True,0.85,A,True,0.95
q0151,E,E,True,0.9,B,False,0.9,B,False,0.95,B,False,0.95,B,False,0.95
q0152,A,C,False,0.9,A,True,0.8,A,True,0.95,B,False,0.8,B,False,0.85
q0153,A,A,True,0.9,A,True,0.9,A,True,0.95,A,True,0.95,A,True,0.95
q0154,D,D,True,0.9,D,True,0.95,D,True,0.85,D,True,0.95,D,True,0.95
q0155,E,B,False,0.9,B,False,0.9,B,False,0.95,B,False,0.95,C,False,0.95
q0156,B,B,True,0.9,B,True,0.9,B,True,0.95,B,True,0.85,B,True,0.95
q0157,A,C,False,0.9,C,False,0.8,A,True,0.95,A,True,0.95,A,True,0.95
q0158,D,D,True,0.9,C,False,0.8,C,False,0.95,A,False,0.8,D,True,0.95
q0159,C,B,False,0.9,B,False,0.9,B,False,0.95,A,False,0.5,B,False,0.95
q0160,D,E,False,1.0,C,False,1.0,D,True,0.95,E,False,0.95,E,False,0.95
q0161,B,D,False,0.8,D,False,0.8,B,True,0.95,D,False,0.8,B,True,0.95
q0162,D,D,True,0.9,D,True,0.9,D,True,0.85,B,False,0.95,D,True,0.95
q0163,A,C,False,0.9,C,False,0.9,A,True,0.95,D,False,0.85,C,False,0.95
q0164,A,A,True,0.9,B,False,0.9,A,True,0.99,B,False,0.85,A,True,0.85
q0165,B,C,False,0.9,C,False,0.9,C,False,0.95,C,False,0.95,B,True,0.95
q0166,B,C,False,0.9,C,False,0.9,B,True,0.95,C,False,0.85,C,False,0.95
q0167,D,D,True,0.85,D,True,0.9,D,True,0.95,D,True,0.8,D,True,0.95
q0168,B,B,True,0.9,B,True,0.9,B,True,0.95,C,False,0.85,B,True,0.95
q0169,D,D,True,0.9,D,True,0.9,D,True,0.95,D,True,0.95,D,True,0.95
q0170,C,D,False,0.9,D,False,0.8,C,True,0.95,C,True,0.85,C,True,0.85
q0171,D,E,False,0.9,A,False,0.8,C,False,0.85,A,False,0.85,D,True,0.95
q0172,C,B,False,0.9,B,False,0.9,B,False,0.95,B,False,0.85,B,False,0.95
q0173,A,A,True,0.9,B,False,0.8,B,False,0.95,E,False,0.85,B,False,0.85
q0174,E,E,True,0.9,E,True,0.9,B,False,0.95,E,True,0.95,E,True,0.95
q0175,D,D,True,0.9,D,True,0.9,D,True,0.95,D,True,0.95,E,False,0.95
q0176,E,B,False,1.0,A,False,1.0,E,True,1.0,B,False,0.95,C,False,0.95
q0177,D,D,True,0.9,D,True,0.95,D,True,0.95,D,True,0.95,D,True,0.95
q0178,D,A,False,0.9,C,False,0.9,A,False,0.95,E,False,0.95,C,False,0.95
q0179,D,D,True,0.9,D,True,0.9,D,True,0.95,D,True,0.95,D,True,0.95
q0180,B,D,False,0.95,D,False,0.9,B,True,0.95,D,False,0.85,A,False,0.95
q0181,E,E,True,0.9,A,False,0.9,A,False,0.95,A,False,0.85,A,False,0.95
q0182,B,B,True,0.9,B,True,0.9,B,True,0.85,E,False,0.95,E,False,0.95
q0183,E,C,False,0.9,C,False,0.9,C,False,0.95,C,False,0.85,C,False,0.95
q0184,B,A,False,0.9,A,False,0.9,E,False,0.95,B,True,0.6,A,False,0.95
q0185,D,D,True,0.9,D,True,0.8,D,True,0.95,A,False,0.95,A,False,0.95
q0186,C,C,True,0.9,C,True,0.9,C,True,0.85,C,True,0.85,C,True,0.95
q0187,B,B,True,0.9,B,True,0.9,B,True,0.95,B,True,0.95,B,True,0.95
q0188,E,E,True,0.9,E,True,0.9,E,True,0.95,E,True,0.95,E,True,0.95
q0189,C,C,True,0.9,B,False,0.9,B,False,0.95,B,False,0.85,B,False,0.95
q0190,A,D,False,0.9,D,False,0.8,D,False,0.85,D,False,0.95,D,False,0.95
q0191,D,C,False,0.9,A,False,0.9,A,False,0.85,A,False,0.85,C,False,0.95
q0192,E,E,True,0.9,E,True,0.8,A,False,0.0,E,True,0.95,A,False,0.0
q0193,C,C,True,0.9,C,True,1.0,B,False,0.95,C,True,0.95,B,False,0.95
q0194,C,C,True,0.9,C,True,0.9,C,True,0.95,A,False,0.85,C,True,0.95
q0195,C,C,True,0.8,C,True,0.8,C,True,0.95,C,True,0.95,C,True,0.95
q0196,A,C,False,0.9,C,False,0.9,C,False,0.85,B,False,0.85,E,False,0.85
q0197,C,C,True,0.8,C,True,0.9,C,True,0.85,C,True,0.95,C,True,0.95
q0198,E,C,False,0.9,B,False,0.8,C,False,0.95,C,False,0.85,C,False,0.85
q0199,D,C,False,0.9,A,False,0.9,A,False,0.95,D,True,0.95,A,False,0.95
q0200,B,B,True,0.9,B,True,0.9,C,False,0.95,C,False,0.95,C,False,0.95
q0201,B,B,True,0.9,B,True,0.9,B,True,0.95,B,True,0.85,B,True,0.95
q0202,D,C,False,0.9,C,False,0.9,C,False,0.95,C,False,0.95,B,False,0.95
q0203,A,C,False,0.9,D,False,0.8,C,False,0.85,A,True,0.5,C,False,0.95
q0204,C,B,False,0.9,B,False,0.8,A,False,0.95,C,True,0.85,A,False,0.85
q0205,B,B,True,0.9,B,True,0.9,B,True,0.95,B,True,0.95,B,True,0.95
q0206,D,D,True,0.9,D,True,1.0,D,True,0.95,D,True,0.95,D,True,0.95
q0207,A,A,True,0.9,A,True,0.9,D,False,0.95,A,True,0.85,A,True,0.95
q0208,B,D,False,0.95,D,False,1.0,D,False,0.85,D,False,0.85,D,False,0.95
q0209,A,A,True,0.95,A,True,0.9,A,True,0.85,A,True,0.85,A,True,0.9
q0210,C,A,False,0.9,C,True,0.9,C,True,0.95,C,True,0.95,C,True,0.85
q0211,B,E,False,0.9,D,False,0.9,D,False,0.95,D,False,0.95,E,False,0.95
q0212,E,C,False,0.8,A,False,1.0,C,False,0.85,C,False,0.85,A,False,0.95
q0213,A,A,True,0.9,A,True,0.9,A,True,0.95,A,True,0.95,A,True,0.95
q0214,B,B,True,0.8,B,True,0.9,B,True,0.85,A,False,0.0,A,False,0.95
q0215,D,A,False,0.8,A,False,0.8,D,True,0.95,A,False,0.85,A,False,0.95
q0216,E,E,True,0.8,B,False,0.9,B,False,0.95,B,False,0.85,B,False,0.95
q0217,D,D,True,0.9,D,True,0.9,D,True,0.95,D,True,0.85,D,True,0.95
q0218,E,E,True,0.8,E,True,0.8,A,False,0.0,E,True,0.95,A,False,0.0
q0219,A,C,False,0.9,C,False,0.9,C,False,0.95,C,False,0.85,C,False,0.95
q0220,D,D,True,0.8,D,True,0.9,B,False,0.85,B,False,0.85,B,False,0.85
q0221,A,C,False,0.9,A,True,0.8,E,False,0.95,A,True,0.95,A,True,0.95
q0222,D,A,False,0.9,A,False,0.8,A,False,0.95,A,False,0.8,A,False,0.85
q0223,A,A,True,0.9,A,True,0.9,A,True,0.95,A,True,0.85,A,True,0.95
q0224,C,B,False,0.9,D,False,0.9,A,False,0.95,A,False,0.0,A,False,0.85
q0225,C,C,True,0.95,C,True,0.95,C,True,0.95,C,True,0.95,A,False,0.0
q0226,D,D,True,0.8,C,False,0.9,C,False,0.95,C,False,0.8,C,False,0.95
q0227,D,B,False,0.9,D,True,0.9,C,False,0.95,C,False,0.85,C,False,0.95
q0228,A,B,False,0.85,B,False,0.9,B,False,0.95,B,False,0.85,B,False,0.95
q0229,E,E,True,0.9,E,True,0.9,E,True,0.95,E,True,0.95,E,True,0.95
q0230,C,C,True,0.9,C,True,0.9,C,True,0.95,C,True,0.95,C,True,0.95
q0231,A,C,False,0.9,C,False,0.95,C,False,0.95,C,False,0.95,C,False,0.95
q0232,D,D,True,0.9,D,True,0.9,D,True,0.95,D,True,0.85,D,True,0.9
q0233,B,B,True,0.9,B,True,0.9,B,True,0.95,B,True,0.95,B,True,0.95
q0234,D,E,False,0.9,E,False,0.5,E,False,0.95,E,False,0.85,E,False,0.95
q0235,B,C,False,0.9,C,False,1.0,B,True,0.95,B,True,0.95,C,False,0.95
q0236,A,A,True,0.9,A,True,1.0,A,True,0.95,A,True,0.0,A,True,0.95
q0237,B,C,False,0.9,C,False,0.9,C,False,0.95,A,False,0.85,C,False,0.85
q0238,B,B,True,0.9,B,True,0.8,A,False,0.8,A,False,0.85,B,True,0.9
q0239,A,A,True,0.9,D,False,0.9,C,False,0.95,E,False,0.95,B,False,0.85
q0240,E,E,True,0.9,E,True,0.9,E,True,0.95,B,False,0.95,B,False,0.85
q0241,B,A,False,0.9,C,False,0.9,A,False,0.95,A,False,0.95,A,False,0.95
q0242,A,D,False,0.9,A,True,0.9,B,False,0.95,A,True,0.95,E,False,0.95
q0243,A,C,False,0.9,C,False,0.9,A,True,0.95,A,True,0.85,A,True,0.95
q0244,E,C,False,0.9,C,False,0.95,C,False,0.95,C,False,0.85,C,False,0.95
q0245,D,B,False,0.8,A,False,0.9,B,False,0.95,B,False,0.85,B,False,0.85
q0246,A,E,False,1.0,B,False,0.8,B,False,0.85,B,False,0.85,A,True,0.0
q0247,D,B,False,0.9,B,False,0.9,D,True,0.95,D,True,0.85,D,True,0.95
q0248,C,D,False,0.9,C,True,0.9,C,True,0.95,C,True,0.85,C,True,0.95
q0249,B,B,True,0.8,B,True,0.8,E,False,0.95,B,True,0.85,B,True,0.85
q0250,A,D,False,0.8,D,False,0.8,D,False,0.85,D,False,0.85,D,False,0.95
q0251,B,B,True,0.9,B,True,0.9,B,True,0.95,B,True,0.95,B,True,0.95
q0252,A,A,True,0.9,A,True,0.9,B,False,0.95,B,False,0.95,B,False,0.85
q0253,D,D,True,0.9,D,True,0.9,D,True,0.85,A,False,0.85,A,False,0.95
q0254,A,A,True,0.9,A,True,0.9,A,True,0.95,A,True,0.95,A,True,0.95
q0255,C,C,True,0.9,C,True,1.0,C,True,0.95,A,False,0.0,C,True,0.95
q0256,D,D,True,0.9,D,True,0.8,B,False,0.85,D,True,0.95,A,False,0.0
q0257,D,D,True,0.9,A,False,0.9,A,False,0.95,D,True,0.95,D,True,0.95
q0258,E,B,False,0.9,B,False,0.9,B,False,0.95,B,False,0.85,B,False,0.95
q0259,D,D,True,0.9,D,True,1.0,D,True,0.85,A,False,0.0,B,False,0.95
q0260,C,C,True,0.9,C,True,0.9,D,False,0.95,D,False,0.95,D,False,0.95
q0261,C,C,True,0.9,C,True,0.9,C,True,0.95,C,True,0.95,C,True,0.85
q0262,E,E,True,0.9,D,False,0.8,B,False,0.95,E,True,0.85,A,False,0.95
q0263,C,C,True,0.9,C,True,0.9,D,False,0.95,C,True,0.85,A,False,0.95
q0264,A,A,True,0.9,C,False,0.9,A,True,0.95,E,False,0.85,C,False,0.95
q0265,E,B,False,0.9,B,False,0.8,B,False,0.85,C,False,0.8,B,False,0.85
q0266,B,A,False,0.9,A,False,0.9,A,False,0.95,A,False,0.85,E,False,0.95
q0267,E,C,False,1.0,E,True,1.0,C,False,0.85,C,False,0.95,C,False,0.95
q0268,E,E,True,0.9,D,False,0.9,E,True,0.85,A,False,0.0,E,True,0.95
q0269,D,B,False,0.9,D,True,0.9,A,False,0.85,D,True,0.85,A,False,0.95
q0270,C,C,True,0.9,C,True,0.9,C,True,0.95,C,True,0.95,C,True,0.95
q0271,B,D,False,0.8,D,False,0.8,C,False,0.95,D,False,0.8,D,False,0.95
q0272,C,C,True,0.9,C,True,0.9,C,True,0.85,C,True,0.85,C,True,0.95
q0273,A,D,False,0.9,D,False,0.8,D,False,0.95,D,False,0.85,D,False,0.85
q0274,A,A,True,0.95,A,True,0.95,A,True,0.95,A,True,0.95,A,True,0.95
q0275,A,D,False,0.9,D,False,0.9,A,True,0.95,A,True,0.95,D,False,0.95
q0276,C,D,False,0.9,D,False,0.9,D,False,0.95,D,False,0.95,D,False,0.95
q0277,D,D,True,0.9,D,True,0.9,D,True,0.95,D,True,0.95,D,True,0.85
q0278,A,D,False,0.9,B,False,0.9,B,False,0.95,B,False,0.95,B,False,0.85
q0279,B,A,False,0.9,A,False,0.8,B,True,0.95,E,False,0.85,B,True,0.85
q0280,B,B,True,0.9,B,True,0.9,B,True,0.95,B,True,0.95,B,True,0.85
q0281,D,D,True,0.95,D,True,0.95,D,True,0.95,D,True,0.95,D,True,0.95
q0282,A,A,True,0.9,A,True,0.8,A,True,0.0,A,True,0.0,A,True,0.0
q0283,A,B,False,0.8,B,False,0.8,A,True,0.98,B,False,0.85,B,False,0.85
q0284,B,C,False,0.9,C,False,0.9,D,False,0.95,D,False,0.85,D,False,0.95
q0285,D,E,False,0.8,E,False,0.9,D,True,0.95,D,True,0.95,D,True,0.95
q0286,D,D,True,0.9,D,True,0.9,D,True,0.95,D,True,0.95,D,True,0.95
q0287,A,C,False,0.8,C,False,0.8,B,False,0.95,B,False,0.85,B,False,0.95
q0288,B,B,True,0.9,C,False,0.9,C,False,0.95,E,False,0.6,C,False,0.95
q0289,D,A,False,0.95,D,True,0.9,A,False,0.95,A,False,0.85,A,False,0.0
q0290,B,B,True,1.0,C,False,0.9,C,False,0.95,C,False,0.95,B,True,0.85
q0291,A,A,True,0.9,A,True,0.9,A,True,0.95,A,True,0.95,A,True,0.95
q0292,D,B,False,0.9,B,False,0.9,B,False,0.85,B,False,0.95,B,False,0.95
q0293,A,A,True,0.95,A,True,0.95,A,True,0.95,A,True,0.95,A,True,0.95
q0294,A,A,True,0.9,A,True,0.9,B,False,0.95,A,True,0.95,E,False,0.95
q0295,B,B,True,0.95,B,True,0.9,B,True,0.95,B,True,0.95,B,True,0.95
q0296,A,A,True,0.9,,False,0.0,A,True,0.0,A,True,0.95,A,True,0.9
q0297,D,D,True,0.8,A,False,0.8,B,False,0.95,B,False,0.85,B,False,0.95
q0298,E,E,True,0.9,E,True,0.9,E,True,0.95,E,True,0.95,E,True,0.95
q0299,B,D,False,0.8,B,True,1.0,B,True,0.95,B,True,0.95,B,True,0.85
q0300,D,B,False,0.9,B,False,0.9,E,False,0.95,B,False,0.85,B,False,0.95
q0301,D,B,False,0.9,B,False,1.0,B,False,0.95,B,False,0.95,B,False,0.95
q0302,A,A,True,0.9,A,True,0.9,A,True,0.95,A,True,0.95,A,True,0.95
q0303,D,A,False,0.9,A,False,0.8,A,False,0.95,A,False,0.95,A,False,0.95
q0304,A,A,True,0.9,A,True,0.85,C,False,0.95,A,True,0.85,A,True,0.95
q0305,B,A,False,0.9,B,True,0.9,A,False,0.95,A,False,0.95,A,False,0.95
q0306,C,C,True,0.9,C,True,0.9,C,True,0.95,C,True,0.85,C,True,0.85
q0307,C,B,False,0.8,B,False,0.8,B,False,0.95,B,False,0.85,B,False,0.95
q0308,C,C,True,0.9,C,True,1.0,C,True,0.95,C,True,0.85,C,True,0.95
q0309,D,A,False,0.9,A,False,0.9,A,False,0.95,A,False,0.95,A,False,0.95
q0310,B,B,True,0.9,B,True,0.9,A,False,0.95,A,False,0.95,B,True,0.85
q0311,D,D,True,0.9,D,True,0.9,D,True,0.95,D,True,0.95,D,True,0.85
q0312,B,B,True,0.9,D,False,0.9,E,False,0.95,B,True,0.95,E,False,0.85
q0313,B,C,False,0.9,D,False,0.9,D,False,0.95,D,False,0.85,C,False,0.85
q0314,A,C,False,0.9,B,False,0.9,B,False,0.85,B,False,0.85,B,False,0.85
q0315,B,B,True,0.9,B,True,0.8,D,False,0.85,A,False,0.85,D,False,0.95
q0316,A,C,False,0.9,C,False,0.8,C,False,0.95,A,True,0.8,B,False,0.85
q0317,B,C,False,0.9,A,False,0.9,C,False,0.85,A,False,0.5,C,False,0.85
q0318,C,C,True,0.9,C,True,0.8,C,True,0.95,C,True,0.85,C,True,0.95
q0319,B,C,False,0.9,A,False,0.9,A,False,0.0,A,False,0.0,A,False,0.0
q0320,D,B,False,0.9,B,False,0.9,C,False,0.95,C,False,0.95,D,True,0.95
q0321,A,A,True,0.9,E,False,0.9,B,False,0.95,D,False,0.85,C,False,0.95
q0322,D,E,False,0.9,E,False,0.9,E,False,0.95,A,False,0.0,E,False,0.95
q0323,C,B,False,0.9,C,True,0.9,C,True,0.95,A,False,0.85,A,False,0.95
q0324,A,A,True,0.9,A,True,0.9,A,True,0.95,C,False,0.85,A,True,0.95
q0325,C,C,True,0.95,C,True,0.9,C,True,0.95,A,False,0.0,C,True,0.95
q0326,B,B,True,0.9,B,True,0.9,B,True,0.95,B,True,0.95,B,True,0.95
q0327,A,D,False,0.9,D,False,0.8,D,False,0.95,D,False,0.85,D,False,0.95
q0328,B,B,True,0.9,E,False,0.9,B,True,0.95,B,True,0.85,E,False,0.95
q0329,B,A,False,0.9,A,False,0.9,A,False,0.95,A,False,0.95,A,False,0.95
q0330,C,D,False,0.9,C,True,0.8,C,True,0.95,C,True,0.95,C,True,0.95
q0331,B,B,True,0.9,B,True,0.9,B,True,0.95,A,False,0.0,B,True,0.9
q0332,D,A,False,0.9,A,False,0.9,A,False,0.95,A,False,0.85,A,False,0.95
q0333,E,C,False,0.9,A,False,0.8,E,True,0.95,E,True,0.95,A,False,0.95
q0334,B,B,True,0.8,B,True,0.8,B,True,0.95,B,True,0.95,B,True,0.95
q0335,B,B,True,0.9,B,True,0.9,B,True,0.95,B,True,0.85,B,True,0.95
q0336,A,D,False,0.9,D,False,0.7,D,False,0.85,D,False,0.85,D,False,0.95
q0337,C,C,True,0.8,C,True,0.9,D,False,0.95,A,False,0.0,D,False,0.85
q0338,A,C,False,0.9,C,False,0.9,C,False,0.95,C,False,0.8,C,False,0.95
q0339,A,A,True,0.9,A,True,0.9,A,True,0.95,A,True,0.95,A,True,0.95
q0340,E,C,False,0.9,B,False,0.8,B,False,0.85,A,False,0.85,A,False,0.95
q0341,C,C,True,0.9,C,True,1.0,C,True,0.95,A,False,0.0,C,True,0.95
q0342,D,D,True,0.9,D,True,0.9,D,True,0.95,D,True,0.95,D,True,0.95
q0343,B,D,False,0.9,B,True,0.9,B,True,0.85,B,True,0.85,B,True,0.95
q0344,A,D,False,0.85,D,False,0.9,D,False,0.95,D,False,0.4,D,False,0.95
q0345,C,C,True,0.9,A,False,0.9,A,False,0.95,C,True,0.8,A,False,0.95
q0346,C,C,True,0.9,C,True,0.9,A,False,0.0,A,False,0.0,A,False,0.0
q0347,A,A,True,0.9,D,False,0.9,A,True,0.95,A,True,0.85,D,False,0.85
q0348,D,E,False,0.9,B,False,0.8,D,True,0.95,A,False,0.85,B,False,0.99
q0349,C,C,True,0.9,C,True,0.9,C,True,0.85,C,True,0.85,C,True,0.85
q0350,C,A,False,0.9,C,True,0.9,E,False,0.85,A,False,0.8,E,False,0.95
q0351,A,A,True,0.9,A,True,0.9,A,True,0.9,A,True,0.95,A,True,0.95
q0352,A,E,False,0.9,B,False,0.9,E,False,0.95,B,False,0.85,B,False,0.95
q0353,B,B,True,0.9,B,True,0.9,B,True,0.95,A,False,0.0,,False,0.0
q0354,D,D,True,0.9,D,True,0.9,D,True,0.95,D,True,0.95,D,True,0.95
q0355,A,A,True,0.9,A,True,1.0,A,True,0.95,A,True,0.85,A,True,0.95
q0356,A,D,False,0.9,D,False,0.8,A,True,0.0,A,True,0.0,A,True,0.0
q0357,E,B,False,0.9,C,False,0.9,C,False,0.85,C,False,0.85,C,False,0.95
q0358,B,D,False,0.9,D,False,0.8,B,True,0.95,A,False,0.0,B,True,0.95
q0359,D,D,True,0.9,D,True,0.9,E,False,0.95,E,False,0.95,E,False,0.95
q0360,A,C,False,0.9,C,False,0.9,C,False,0.95,C,False,0.85,C,False,0.95
q0361,A,C,False,0.9,C,False,0.9,A,True,0.95,A,True,0.95,C,False,0.95
q0362,D,D,True,0.8,B,False,0.8,B,False,0.95,D,True,0.95,A,False,0.95
q0363,D,D,True,0.9,D,True,0.8,D,True,0.95,D,True,0.95,D,True,0.85
q0364,A,C,False,0.9,A,True,0.9,A,True,0.95,E,False,0.85,A,True,0.95
q0365,D,E,False,0.8,D,True,0.9,D,True,0.95,D,True,0.85,E,False,0.95
q0366,A,A,True,0.9,A,True,0.9,B,False,0.85,B,False,0.85,B,False,0.95
q0367,D,A,False,0.95,A,False,0.9,D,True,0.95,D,True,0.85,A,False,0.95
q0368,D,D,True,0.85,C,False,0.85,B,False,0.85,C,False,0.85,C,False,0.85
q0369,E,D,False,0.9,B,False,0.9,D,False,0.85,E,True,0.95,E,True,0.95
q0370,E,E,True,0.9,E,True,0.9,E,True,0.95,D,False,0.95,E,True,0.95
q0371,A,A,True,0.9,A,True,0.8,D,False,0.85,A,True,0.95,A,True,0.95
q0372,E,E,True,0.9,E,True,0.9,E,True,0.95,E,True,0.8,E,True,0.99
q0373,E,A,False,0.9,A,False,0.9,A,False,0.95,A,False,0.95,A,False,0.95
q0374,D,D,True,0.9,D,True,0.85,B,False,0.95,D,True,0.95,A,False,0.95
q0375,B,B,True,0.9,B,True,0.95,B,True,0.95,B,True,0.95,B,True,0.95
q0376,D,C,False,0.95,D,True,0.9,C,False,0.95,B,False,0.85,B,False,0.95
q0377,E,C,False,0.9,A,False,0.9,E,True,0.95,A,False,0.95,A,False,0.95
q0378,A,B,False,0.9,B,False,0.9,C,False,0.85,B,False,0.85,C,False,0.95
q0379,D,D,True,0.9,A,False,0.9,A,False,0.95,A,False,0.85,A,False,0.95
q0380,B,E,False,0.8,A,False,0.9,A,False,0.95,A,False,0.0,A,False,0.95
q0381,C,E,False,0.9,D,False,0.8,E,False,0.85,E,False,0.85,B,False,0.85
q0382,C,C,True,0.9,C,True,0.9,C,True,0.95,D,False,0.85,E,False,0.95
q0383,A,A,True,0.9,A,True,0.95,A,True,0.95,B,False,0.95,A,True,0.85
q0384,E,B,False,0.9,D,False,0.9,A,False,0.95,B,False,0.95,A,False,0.95
q0385,E,E,True,0.9,E,True,0.9,E,True,0.95,E,True,0.95,C,False,0.95
q0386,D,D,True,0.8,D,True,0.9,C,False,0.95,A,False,0.85,E,False,0.95
q0387,B,B,True,0.9,C,False,0.9,B,True,0.95,B,True,0.85,B,True,0.95
q0388,C,C,True,0.95,C,True,0.9,C,True,0.95,C,True,0.85,C,True,0.95
q0389,D,C,False,0.9,B,False,0.9,D,True,0.95,C,False,0.95,D,True,0.85
q0390,A,D,False,0.8,C,False,0.8,B,False,0.95,E,False,0.95,C,False,0.95
q0391,B,B,True,0.9,B,True,0.9,B,True,0.95,B,True,0.95,B,True,0.95
q0392,C,C,True,0.9,C,True,0.8,C,True,0.95,C,True,0.95,C,True,0.95
q0393,A,A,True,0.9,E,False,0.8,E,False,0.95,E,False,0.95,E,False,0.95
q0394,D,D,True,0.8,D,True,0.9,B,False,0.95,B,False,0.85,B,False,0.95
q0395,C,C,True,0.9,C,True,0.8,D,False,0.95,D,False,0.95,D,False,0.95
q0396,D,B,False,0.9,B,False,0.9,D,True,0.95,B,False,0.85,B,False,0.95
q0397,B,A,False,0.9,C,False,0.9,C,False,0.95,A,False,0.95,A,False,0.95
q0398,E,E,True,0.9,D,False,0.8,D,False,0.95,D,False,0.7,D,False,0.95
q0399,B,B,True,0.9,D,False,0.9,D,False,0.95,D,False,0.95,D,False,0.95
q0400,B,B,True,0.9,D,False,0.9,E,False,0.85,D,False,0.6,B,True,0.95
q0401,C,C,True,0.8,A,False,0.9,A,False,0.95,A,False,0.85,C,True,0.95
q0402,B,B,True,0.9,B,True,0.9,B,True,0.95,B,True,0.95,B,True,0.95
q0403,E,E,True,0.8,A,False,0.9,A,False,0.95,A,False,0.9,A,False,0.95
q0404,A,A,True,0.9,A,True,0.9,B,False,0.95,E,False,0.85,B,False,0.95
q0405,A,C,False,0.9,C,False,0.9,E,False,0.95,C,False,0.95,D,False,0.85
q0406,C,B,False,0.9,C,True,0.9,C,True,0.85,C,True,0.95,A,False,0.95
q0407,C,A,False,0.9,A,False,0.9,C,True,0.95,C,True,0.85,C,True,0.95
q0408,A,A,True,0.9,C,False,0.8,A,True,0.95,A,True,0.85,A,True,0.95
q0409,C,C,True,0.9,C,True,0.9,C,True,0.95,C,True,0.95,C,True,0.95
q0410,C,B,False,0.9,B,False,0.8,B,False,0.85,B,False,0.85,A,False,0.85
q0411,C,C,True,0.9,C,True,0.95,C,True,0.95,C,True,0.95,C,True,0.95
q0412,A,A,True,0.9,A,True,0.8,A,True,0.95,A,True,0.95,A,True,0.95
q0413,B,B,True,0.9,B,True,0.8,B,True,0.85,B,True,0.85,B,True,0.85
q0414,E,E,True,0.9,E,True,0.9,E,True,0.85,B,False,0.85,E,True,0.85
q0415,E,C,False,0.9,D,False,0.9,C,False,0.85,E,True,0.85,D,False,0.95
q0416,D,A,False,0.9,A,False,0.9,A,False,0.85,D,True,0.85,A,False,0.95
q0417,A,A,True,0.9,A,True,0.9,A,True,0.5,A,True,0.85,E,False,0.95
q0418,D,D,True,0.9,D,True,0.9,D,True,0.95,D,True,0.85,D,True,0.95
q0419,B,C,False,0.9,C,False,0.9,C,False,0.95,C,False,0.85,C,False,0.95
q0420,B,B,True,0.9,C,False,0.9,B,True,0.95,B,True,0.95,B,True,0.95
q0421,C,C,True,0.8,C,True,0.9,D,False,0.95,B,False,0.85,B,False,0.95
q0422,A,D,False,0.9,A,True,0.8,B,False,0.95,A,True,0.85,A,True,0.95
q0423,E,D,False,0.8,C,False,0.8,C,False,0.95,C,False,0.95,B,False,0.95
q0424,C,C,True,0.9,C,True,0.9,B,False,0.95,B,False,0.95,B,False,0.85
q0425,C,D,False,0.9,A,False,0.5,A,False,0.0,A,False,0.0,C,True,0.95
q0426,C,C,True,0.9,C,True,0.8,C,True,0.95,C,True,0.95,C,True,0.95
q0427,B,B,True,1.0,B,True,0.9,B,True,0.95,B,True,0.95,B,True,0.95
q0428,A,B,False,0.9,B,False,0.9,B,False,0.95,D,False,0.85,B,False,0.95
q0429,E,E,True,0.9,E,True,0.9,E,True,0.95,A,False,0.8,E,True,0.95
q0430,B,B,True,0.9,B,True,0.9,B,True,0.95,B,True,0.95,B,True,0.95
q0431,B,D,False,0.8,E,False,0.9,D,False,0.85,D,False,0.85,E,False,0.95
q0432,B,B,True,0.9,B,True,0.9,B,True,0.95,B,True,0.95,B,True,0.85
q0433,D,D,True,0.9,D,True,0.9,D,True,0.95,D,True,0.85,D,True,0.95
q0434,C,C,True,0.9,C,True,0.9,C,True,0.95,C,True,0.6,C,True,0.95
q0435,D,E,False,0.9,E,False,0.9,C,False,0.95,E,False,0.95,E,False,0.95
q0436,C,C,True,0.9,C,True,0.9,C,True,0.95,C,True,0.95,C,True,0.95
q0437,A,B,False,0.9,A,True,0.9,A,True,0.95,A,True,0.95,A,True,0.95
q0438,D,D,True,0.8,D,True,0.9,D,True,0.95,D,True,0.85,B,False,0.85
q0439,A,A,True,0.9,A,True,0.9,A,True,0.95,A,True,0.7,A,True,0.95
q0440,E,E,True,0.9,E,True,0.8,B,False,0.95,E,True,0.95,E,True,0.95
q0441,D,B,False,0.9,B,False,0.9,A,False,0.95,A,False,0.85,D,True,0.95
q0442,C,C,True,0.9,C,True,0.9,A,False,0.0,C,True,0.95,A,False,0.0
q0443,B,B,True,0.9,B,True,0.9,B,True,0.95,A,False,0.0,A,False,0.95
q0444,D,D,True,0.8,D,True,0.8,D,True,0.95,A,False,0.95,D,True,0.95
q0445,B,B,True,0.9,B,True,0.9,B,True,0.95,B,True,0.95,B,True,0.95
q0446,A,B,False,0.9,A,True,0.6,D,False,0.95,D,False,0.85,D,False,0.95
q0447,C,B,False,0.8,A,False,0.9,B,False,0.95,A,False,0.85,A,False,0.95
q0448,E,C,False,0.9,C,False,0.8,C,False,0.95,C,False,0.85,C,False,0.95
q0449,B,B,True,0.9,B,True,0.9,B,True,0.95,B,True,0.95,B,True,0.95
q0450,B,B,True,0.9,B,True,0.9,B,True,0.95,B,True,0.85,B,True,0.95
q0451,E,E,True,0.9,D,False,0.9,E,True,0.95,D,False,0.8,D,False,0.95
q0452,C,E,False,0.9,E,False,0.9,C,True,0.85,E,False,0.95,E,False,0.99
q0453,C,C,True,0.9,C,True,0.9,C,True,0.95,A,False,0.0,A,False,0.0
q0454,E,B,False,0.9,A,False,0.5,E,True,0.85,E,True,0.95,B,False,0.95
q0455,D,D,True,0.9,D,True,0.9,D,True,0.95,D,True,0.95,D,True,0.95
q0456,B,B,True,0.8,B,True,0.9,A,False,0.95,A,False,0.95,B,True,0.95
q0457,C,C,True,0.9,C,True,0.9,C,True,0.95,C,True,0.95,D,False,0.95
q0458,D,D,True,0.9,D,True,0.9,D,True,0.95,D,True,0.95,D,True,0.95
q0459,E,E,True,0.9,E,True,1.0,E,True,0.95,E,True,0.95,E,True,0.95
q0460,A,B,False,0.8,B,False,0.8,B,False,0.85,B,False,0.85,B,False,0.85
q0461,D,D,True,0.8,A,False,0.9,D,True,0.95,D,True,0.85,A,False,0.85
q0462,B,B,True,0.9,B,True,0.9,B,True,0.95,B,True,0.85,B,True,0.85
q0463,B,B,True,0.9,D,False,0.85,B,True,0.85,D,False,0.85,D,False,1.0
q0464,C,C,True,0.9,C,True,0.8,C,True,0.95,C,True,0.85,C,True,0.95
q0465,D,D,True,0.9,D,True,0.9,D,True,0.95,D,True,0.95,E,False,0.95
q0466,C,C,True,0.9,A,False,0.8,C,True,0.85,A,False,0.95,C,True,0.95
q0467,E,D,False,0.9,D,False,0.95,A,False,0.0,A,False,0.0,A,False,0.95
q0468,A,A,True,0.9,A,True,0.9,A,True,0.95,A,True,0.95,A,True,0.95
q0469,A,E,False,0.8,E,False,0.85,E,False,0.95,B,False,0.85,E,False,0.95
q0470,A,C,False,0.9,C,False,0.9,C,False,0.85,A,True,0.85,C,False,0.95
q0471,D,E,False,0.95,D,True,0.9,E,False,0.95,E,False,0.95,D,True,0.95
q0472,D,C,False,0.9,E,False,1.0,A,False,0.95,E,False,0.85,E,False,0.95
q0473,D,D,True,0.95,D,True,0.9,D,True,0.95,D,True,0.95,D,True,0.95
q0474,B,B,True,0.9,B,True,1.0,B,True,0.95,B,True,0.95,B,True,0.95
q0475,D,E,False,0.9,B,False,0.9,B,False,0.85,C,False,0.85,A,False,0.95
q0476,D,D,True,0.9,D,True,0.9,D,True,0.95,D,True,0.95,D,True,0.85
q0477,B,E,False,0.9,C,False,0.9,C,False,0.95,C,False,0.85,C,False,0.95
q0478,C,B,False,0.9,C,True,0.9,A,False,0.95,A,False,0.95,A,False,0.95
q0479,D,D,True,0.9,D,True,0.9,D,True,0.95,C,False,0.85,D,True,0.95
q0480,B,A,False,0.9,D,False,0.8,A,False,0.95,A,False,0.85,A,False,0.85
q0481,A,B,False,0.9,B,False,0.8,B,False,0.85,A,True,0.0,E,False,0.95
q0482,C,C,True,0.9,C,True,0.9,C,True,0.95,C,True,0.95,C,True,0.95
q0483,D,C,False,0.9,C,False,0.9,C,False,0.95,C,False,0.95,C,False,0.95
q0484,D,D,True,0.9,D,True,0.95,D,True,0.95,D,True,0.95,D,True,0.95
q0485,E,B,False,0.9,B,False,0.9,B,False,0.85,B,False,0.85,B,False,0.95
q0486,C,C,True,0.95,C,True,0.9,C,True,0.95,C,True,0.95,C,True,0.95
q0487,D,D,True,0.9,D,True,0.9,B,False,0.95,E,False,0.85,E,False,0.95
q0488,A,A,True,0.9,A,True,0.9,A,True,0.95,A,True,0.95,A,True,0.95
q0489,D,D,True,0.9,D,True,0.9,D,True,0.95,D,True,0.85,D,True,0.95
q0490,C,C,True,0.9,C,True,0.9,C,True,0.95,C,True,0.85,C,True,0.95
q0491,A,A,True,1.0,A,True,0.5,A,True,0.95,A,True,0.95,A,True,0.95
q0492,C,D,False,0.9,D,False,0.9,B,False,0.95,B,False,0.95,D,False,0.95
q0493,D,A,False,0.9,A,False,0.9,D,True,0.95,D,True,0.85,D,True,0.95
q0494,A,A,True,0.9,A,True,0.6,E,False,0.5,B,False,0.85,A,True,0.85
q0495,A,A,True,0.8,E,False,0.8,B,False,0.95,A,True,0.85,E,False,0.85
q0496,D,D,True,0.8,D,True,0.9,D,True,0.95,D,True,0.85,D,True,0.85
q0497,D,B,False,0.9,B,False,0.9,B,False,0.95,B,False,0.5,B,False,0.95
q0498,A,B,False,0.9,D,False,0.9,B,False,0.95,B,False,0.8,B,False,0.95
q0499,D,C,False,0.9,D,True,0.9,B,False,0.99,E,False,0.85,E,False,0.95
q0500,B,D,False,0.9,D,False,0.9,D,False,0.95,D,False,0.95,D,False,0.95
q0501,E,C,False,0.9,C,False,0.9,B,False,0.95,C,False,0.8,C,False,0.95
q0502,B,B,True,0.9,B,True,0.9,B,True,0.95,B,True,0.85,B,True,0.95
q0503,B,B,True,0.9,C,False,1.0,A,False,0.85,C,False,0.85,A,False,0.85
q0504,C,C,True,0.9,C,True,0.9,C,True,0.95,C,True,0.85,C,True,0.95
q0505,B,B,True,0.9,B,True,0.9,B,True,0.95,B,True,0.95,B,True,0.95
q0506,A,A,True,0.9,A,True,0.9,A,True,0.95,A,True,0.85,A,True,0.85
q0507,D,D,True,0.9,D,True,0.9,D,True,0.95,D,True,0.85,B,False,0.85
q0508,C,C,True,0.8,C,True,0.9,C,True,0.95,D,False,0.95,A,False,0.85
q0509,E,E,True,0.85,E,True,0.9,E,True,0.95,E,True,0.95,D,False,0.95
q0510,A,A,True,0.9,A,True,0.8,A,True,0.95,D,False,0.95,A,True,0.95
q0511,A,E,False,0.9,E,False,0.9,E,False,0.95,A,True,0.85,E,False,0.95
q0512,B,A,False,0.95,A,False,0.8,A,False,0.95,B,True,0.85,B,True,0.95
q0513,D,D,True,0.85,D,True,0.85,D,True,0.95,D,True,0.85,D,True,0.95
q0514,B,D,False,0.8,D,False,0.9,D,False,0.95,E,False,0.8,B,True,0.95
q0515,D,B,False,0.9,B,False,0.9,B,False,0.95,B,False,0.95,D,True,0.95
q0516,E,C,False,0.8,B,False,0.8,B,False,0.95,A,False,0.0,C,False,0.95
q0517,B,B,True,0.9,B,True,0.9,A,False,0.9,B,True,0.85,B,True,0.95
q0518,C,B,False,0.9,B,False,0.9,B,False,0.85,A,False,0.95,A,False,0.95
q0519,D,B,False,0.8,B,False,0.9,B,False,0.95,B,False,0.85,B,False,0.85
q0520,B,A,False,0.9,B,True,1.0,B,True,0.95,A,False,0.95,A,False,0.95
q0521,A,A,True,0.9,A,True,0.9,A,True,0.95,A,True,0.95,A,True,0.95
q0522,D,D,True,0.85,A,False,0.9,D,True,0.95,D,True,0.99,A,False,0.85
q0523,E,E,True,0.9,E,True,0.9,A,False,0.95,A,False,0.85,A,False,0.95
q0524,B,E,False,0.9,A,False,0.95,B,True,0.95,C,False,0.95,E,False,0.95
q0525,E,D,False,0.9,D,False,0.9,A,False,0.95,D,False,0.95,D,False,0.95
q0526,D,B,False,0.9,A,False,0.9,E,False,0.95,C,False,0.85,E,False,0.95
q0527,A,A,True,0.9,A,True,0.9,A,True,0.95,A,True,0.95,A,True,0.95
q0528,D,D,True,0.9,B,False,0.9,B,False,0.95,D,True,0.95,D,True,0.95
q0529,C,C,True,0.9,C,True,0.85,C,True,0.95,C,True,0.95,C,True,0.95
q0530,A,E,False,0.9,E,False,0.9,E,False,0.95,E,False,0.85,A,True,0.95
q0531,D,C,False,0.9,C,False,0.9,A,False,0.95,C,False,0.95,C,False,0.95
q0532,B,B,True,0.9,A,False,0.9,A,False,0.9,A,False,0.85,A,False,0.95
q0533,B,B,True,0.9,B,True,0.8,B,True,0.95,A,False,0.0,B,True,0.95
q0534,C,C,True,0.9,C,True,0.9,C,True,0.95,C,True,0.95,C,True,0.95
q0535,D,D,True,0.95,D,True,0.9,D,True,0.85,D,True,0.85,A,False,0.85
q0536,E,E,True,0.9,E,True,0.8,E,True,0.95,E,True,0.95,E,True,0.85
q0537,A,C,False,0.9,A,True,0.9,A,True,0.95,A,True,0.95,A,True,0.95
q0538,A,B,False,0.9,A,True,0.9,A,True,0.85,A,True,0.85,A,True,0.95
q0539,E,C,False,0.9,C,False,0.9,C,False,0.95,C,False,0.7,C,False,0.95
q0540,E,D,False,0.9,D,False,0.9,C,False,0.95,A,False,0.85,C,False,0.85
q0541,A,E,False,0.8,B,False,0.8,E,False,0.95,E,False,0.85,E,False,0.85
q0542,C,B,False,0.85,B,False,0.9,C,True,0.95,C,True,0.95,E,False,0.85
q0543,C,C,True,0.9,A,False,0.9,C,True,0.95,D,False,0.85,D,False,0.85
q0544,C,B,False,0.9,D,False,0.8,B,False,0.95,B,False,0.85,C,True,0.95
q0545,D,D,True,0.95,D,True,0.85,A,False,0.95,D,True,0.95,D,True,0.95
q0546,D,D,True,0.85,D,True,0.85,C,False,0.95,C,False,0.85,C,False,0.85
q0547,E,D,False,0.9,C,False,0.9,E,True,0.95,C,False,0.95,A,False,0.95
q0548,E,B,False,0.9,E,True,1.0,A,False,0.95,B,False,0.95,A,False,0.85
q0549,B,B,True,0.9,B,True,0.9,B,True,0.95,B,True,0.85,B,True,0.95
q0550,A,C,False,0.8,C,False,0.9,C,False,0.85,A,True,0.0,A,True,0.95
q0551,A,E,False,0.9,E,False,0.9,B,False,0.95,E,False,0.95,E,False,0.95
q0552,B,B,True,0.8,B,True,0.9,B,True,0.95,B,True,0.85,A,False,0.85
q0553,B,B,True,0.9,B,True,0.9,B,True,0.85,B,True,0.85,B,True,0.85
q0554,A,B,False,0.9,C,False,0.8,C,False,0.95,C,False,0.85,C,False,0.95
q0555,C,C,True,0.9,C,True,0.9,C,True,0.95,C,True,0.95,C,True,0.95
q0556,A,A,True,0.9,A,True,0.9,A,True,0.95,A,True,0.95,A,True,0.95
q0557,C,C,True,0.9,C,True,0.9,C,True,0.95,C,True,0.85,C,True,0.95
q0558,C,C,True,0.9,C,True,0.9,A,False,0.95,C,True,0.85,C,True,0.85
q0559,B,B,True,0.9,B,True,1.0,A,False,0.0,A,False,0.0,A,False,0.0
q0560,A,A,True,0.8,C,False,0.9,A,True,0.85,B,False,0.85,A,True,0.95
q0561,D,D,True,0.95,D,True,0.9,D,True,0.95,D,True,0.8,D,True,0.95
q0562,B,B,True,0.9,B,True,0.9,B,True,0.95,B,True,0.85,B,True,0.95
q0563,A,A,True,0.9,A,True,0.9,A,True,0.95,A,True,0.95,A,True,0.95
q0564,A,A,True,0.9,D,False,0.9,D,False,0.95,D,False,0.95,D,False,0.85
q0565,C,C,True,0.9,,False,0.5,C,True,0.9,C,True,0.95,C,True,0.95
q0566,B,B,True,0.9,B,True,0.9,D,False,0.85,B,True,0.85,D,False,0.95
q0567,E,E,True,0.9,C,False,0.9,E,True,0.95,C,False,0.85,C,False,0.95
q0568,A,A,True,0.95,A,True,0.9,A,True,0.95,A,True,0.95,A,True,0.95
q0569,B,B,True,0.9,B,True,0.9,B,True,0.95,B,True,0.9,B,True,0.95
q0570,A,A,True,0.9,B,False,0.9,A,True,0.95,A,True,0.95,A,True,0.95
q0571,C,B,False,0.85,C,True,0.85,C,True,0.95,B,False,0.85,B,False,0.95
q0572,C,A,False,0.8,B,False,0.8,A,False,0.8,A,False,0.8,B,False,0.85
q0573,C,E,False,0.9,B,False,0.9,B,False,0.95,B,False,0.95,B,False,0.85
q0574,C,C,True,0.9,C,True,0.9,C,True,0.95,C,True,0.95,C,True,0.95
q0575,C,B,False,0.9,B,False,0.9,A,False,0.0,B,False,0.85,A,False,0.0
q0576,E,D,False,0.9,D,False,0.9,A,False,0.95,D,False,0.95,D,False,0.95
q0577,B,B,True,0.9,C,False,0.9,A,False,0.95,A,False,0.95,B,True,0.95
q0578,B,B,True,0.9,B,True,0.9,B,True,0.95,B,True,0.85,B,True,0.95
q0579,E,B,False,0.9,C,False,0.9,C,False,0.95,C,False,0.85,A,False,0.85
q0580,A,D,False,0.9,D,False,0.8,A,True,0.95,C,False,0.85,D,False,0.95
q0581,D,D,True,0.9,C,False,0.9,C,False,0.95,B,False,0.85,B,False,0.95
q0582,E,A,False,0.9,A,False,0.9,A,False,0.95,A,False,0.85,A,False,0.95
q0583,E,B,False,0.8,B,False,0.9,D,False,0.85,A,False,0.7,D,False,0.85
q0584,E,E,True,0.9,E,True,0.9,B,False,0.85,A,False,0.8,D,False,0.95
q0585,E,E,True,0.9,D,False,0.9,E,True,0.95,A,False,0.0,E,True,0.95
q0586,B,B,True,0.9,B,True,0.8,B,True,0.95,A,False,0.0,B,True,0.95
q0587,E,D,False,0.9,D,False,0.8,D,False,0.85,E,True,0.85,E,True,0.95
q0588,A,A,True,0.9,A,True,0.9,A,True,0.85,A,True,0.95,A,True,0.95
q0589,E,E,True,0.9,E,True,0.9,E,True,0.95,B,False,0.95,B,False,0.95
q0590,C,C,True,0.9,D,False,0.9,D,False,0.95,A,False,0.0,D,False,0.95
q0591,C,B,False,0.9,B,False,0.9,B,False,0.85,B,False,0.85,B,False,0.95
q0592,B,B,True,0.9,B,True,0.9,B,True,0.85,B,True,0.95,B,True,0.95
q0593,D,D,True,0.9,D,True,0.9,D,True,0.95,D,True,0.85,D,True,0.95
q0594,D,A,False,0.85,A,False,0.8,D,True,0.95,D,True,0.85,A,False,0.85
q0595,B,B,True,0.9,B,True,0.8,B,True,0.95,B,True,0.95,B,True,0.95
q0596,C,D,False,0.9,D,False,0.9,B,False,0.95,B,False,0.85,B,False,0.95
q0597,C,E,False,0.9,C,True,0.9,C,True,0.95,C,True,0.95,E,False,0.95
q0598,B,C,False,0.95,C,False,0.95,B,True,0.95,C,False,0.85,C,False,0.95
q0599,D,D,True,0.9,D,True,0.9,D,True,0.95,D,True,0.95,D,True,0.95
q0600,E,E,True,0.9,E,True,0.9,A,False,0.95,B,False,0.95,B,False,0.95
q0601,E,E,True,0.95,E,True,1.0,A,False,0.0,A,False,0.0,A,False,0.0
q0602,A,A,True,0.9,B,False,0.9,B,False,0.95,E,False,0.95,B,False,0.95
q0603,B,B,True,0.9,B,True,0.4,A,False,0.0,A,False,0.0,B,True,0.95
q0604,A,A,True,0.9,A,True,0.9,A,True,0.95,A,True,0.95,A,True,0.95
q0605,C,D,False,0.9,D,False,0.9,B,False,0.85,A,False,0.0,D,False,0.85
q0606,E,B,False,0.95,E,True,0.9,B,False,0.95,E,True,0.95,B,False,0.95
q0607,D,D,True,1.0,D,True,1.0,D,True,0.95,D,True,0.85,D,True,0.9
q0608,D,D,True,0.9,D,True,0.9,D,True,0.85,D,True,0.85,D,True,0.85
q0609,E,E,True,0.9,E,True,0.9,B,False,0.95,E,True,0.95,C,False,0.95
q0610,B,B,True,0.9,C,False,1.0,A,False,0.95,B,True,0.85,A,False,0.95
q0611,C,C,True,0.9,C,True,0.9,D,False,0.95,D,False,0.85,D,False,0.95
q0612,B,B,True,0.9,B,True,0.9,B,True,0.85,B,True,0.85,B,True,0.85
q0613,D,D,True,0.9,A,False,0.9,A,False,0.95,A,False,0.95,A,False,0.95
q0614,D,A,False,0.9,A,False,1.0,D,True,0.95,D,True,0.95,D,True,0.95
q0615,A,A,True,0.9,A,True,0.9,A,True,0.95,A,True,0.95,A,True,0.95
q0616,E,B,False,0.9,C,False,0.8,A,False,0.95,A,False,0.85,B,False,0.95
q0617,B,B,True,0.9,B,True,0.9,B,True,0.85,B,True,0.95,B,True,0.95
q0618,C,D,False,0.9,C,True,0.9,C,True,0.95,C,True,0.85,D,False,0.95
q0619,D,D,True,0.9,D,True,0.9,D,True,0.95,D,True,0.85,D,True,0.95
q0620,C,B,False,0.9,B,False,0.9,C,True,0.85,B,False,0.85,B,False,0.95
q0621,E,A,False,0.9,B,False,0.9,A,False,0.95,B,False,0.85,A,False,0.95
q0622,C,C,True,0.9,C,True,0.8,A,False,0.95,B,False,0.85,C,True,0.95
q0623,A,A,True,0.9,A,True,1.0,A,True,0.95,A,True,0.95,A,True,0.95
q0624,E,E,True,0.9,E,True,0.9,B,False,0.95,E,True,0.6,B,False,0.85
q0625,C,D,False,0.9,C,True,0.9,D,False,0.85,D,False,0.8,C,True,0.95
q0626,E,E,True,0.9,E,True,0.9,E,True,0.95,E,True,0.85,E,True,0.95
q0627,D,D,True,0.9,D,True,0.8,A,False,0.95,A,False,0.0,A,False,0.95
q0628,C,C,True,0.8,C,True,0.8,C,True,0.95,C,True,0.95,C,True,0.95
q0629,E,E,True,0.9,E,True,0.9,D,False,0.85,B,False,0.95,B,False,0.95
q0630,E,E,True,0.9,D,False,0.8,D,False,0.95,E,True,0.95,D,False,0.85
q0631,B,B,True,0.9,B,True,0.9,A,False,0.95,A,False,0.85,A,False,0.95
q0632,E,E,True,0.95,E,True,0.95,E,True,0.95,E,True,0.95,E,True,0.95
q0633,B,C,False,0.85,C,False,0.9,C,False,0.9,B,True,0.85,C,False,0.95
q0634,A,D,False,0.9,D,False,0.8,E,False,0.98,D,False,0.95,D,False,0.98
q0635,C,C,True,0.9,C,True,0.9,C,True,0.95,C,True,0.95,C,True,0.95
q0636,A,E,False,0.9,E,False,0.9,A,True,0.95,E,False,0.85,A,True,0.95
q0637,A,B,False,0.9,B,False,0.9,B,False,0.95,B,False,0.85,B,False,0.95
q0638,A,C,False,0.95,E,False,0.9,C,False,0.95,C,False,0.95,A,True,0.95
q0639,A,C,False,0.8,C,False,0.4,B,False,0.95,C,False,0.85,B,False,0.95
q0640,E,B,False,0.9,E,True,0.9,B,False,0.95,B,False,0.95,B,False,0.95
q0641,A,A,True,0.8,A,True,0.8,B,False,0.95,A,True,0.95,A,True,0.95
q0642,B,E,False,0.9,B,True,0.9,B,True,0.95,B,True,0.85,E,False,0.85
q0643,E,E,True,0.9,E,True,0.8,E,True,0.85,A,False,0.99,A,False,0.85
q0644,B,D,False,0.8,B,True,0.9,B,True,0.9,A,False,0.0,A,False,0.0
q0645,B,B,True,0.9,A,False,0.5,C,False,0.95,C,False,0.95,C,False,0.95
q0646,B,B,True,0.9,B,True,0.9,A,False,0.9,A,False,0.85,A,False,0.95
q0647,C,C,True,0.9,C,True,0.9,C,True,0.95,C,True,0.95,C,True,0.95
q0648,A,A,True,0.9,E,False,1.0,E,False,0.95,A,True,0.95,E,False,0.95
q0649,B,B,True,0.9,B,True,0.9,B,True,0.95,D,False,0.95,B,True,0.95
q0650,C,C,True,0.9,C,True,0.8,C,True,0.95,C,True,0.85,C,True,0.95
q0651,D,B,False,0.9,B,False,0.8,B,False,0.85,B,False,0.85,B,False,0.95
q0652,D,C,False,0.9,C,False,0.8,C,False,0.95,C,False,0.85,C,False,0.95
q0653,A,A,True,0.9,A,True,0.9,B,False,0.95,A,True,0.95,A,True,0.95
q0654,B,B,True,0.9,B,True,0.8,D,False,0.95,A,False,0.95,A,False,0.95
q0655,B,C,False,0.9,B,True,1.0,C,False,0.95,C,False,0.95,C,False,0.95
q0656,D,D,True,0.95,D,True,0.95,D,True,0.95,D,True,0.95,C,False,0.95
q0657,D,A,False,0.9,B,False,0.8,E,False,0.95,A,False,0.85,A,False,0.95
q0658,D,D,True,0.9,A,False,1.0,D,True,0.95,B,False,0.95,D,True,0.95
q0659,D,C,False,0.9,C,False,0.8,C,False,0.85,B,False,0.95,C,False,0.95
q0660,A,A,True,0.85,A,True,0.9,A,True,0.8,A,True,0.95,A,True,0.85
q0661,A,C,False,0.95,A,True,0.9,A,True,0.95,A,True,0.85,A,True,0.95
q0662,E,E,True,0.9,E,True,0.9,E,True,0.95,E,True,0.85,E,True,0.95
q0663,E,B,False,0.9,B,False,0.9,B,False,0.85,B,False,0.85,C,False,0.85
q0664,D,E,False,0.9,E,False,0.9,B,False,0.95,E,False,0.85,E,False,0.95
q0665,C,E,False,0.9,E,False,0.9,E,False,0.95,E,False,0.85,E,False,0.95
q0666,A,B,False,0.95,B,False,0.9,A,True,0.95,A,True,0.0,A,True,0.95
q0667,A,A,True,0.95,A,True,0.9,A,True,0.95,A,True,0.95,A,True,0.95
q0668,B,B,True,0.9,B,True,0.9,B,True,0.85,B,True,0.95,B,True,0.95
q0669,B,B,True,0.8,B,True,0.9,B,True,0.95,B,True,0.85,B,True,0.95
q0670,E,D,False,0.9,,False,0.5,B,False,0.95,D,False,0.8,D,False,0.9
q0671,B,B,True,0.95,B,True,0.95,B,True,0.95,B,True,0.95,B,True,0.85
q0672,B,D,False,0.9,A,False,1.0,B,True,0.95,B,True,0.95,B,True,0.95
q0673,E,C,False,0.9,C,False,0.8,A,False,0.95,D,False,0.85,A,False,0.85
q0674,B,B,True,0.9,B,True,0.9,B,True,0.85,B,True,0.85,B,True,0.95
q0675,C,C,True,0.9,C,True,0.9,A,False,0.95,E,False,0.85,C,True,0.95
q0676,B,C,False,0.9,B,True,0.8,E,False,0.95,B,True,0.95,E,False,0.85
q0677,A,E,False,0.9,E,False,0.9,E,False,0.95,B,False,0.95,E,False,0.95
q0678,B,C,False,1.0,C,False,1.0,C,False,0.85,B,True,0.95,A,False,0.95
q0679,C,C,True,0.9,A,False,0.9,B,False,0.95,B,False,0.85,A,False,0.95
q0680,E,E,True,0.9,E,True,0.9,E,True,0.95,E,True,0.95,E,True,0.95
q0681,B,B,True,0.9,B,True,0.9,B,True,0.85,B,True,0.85,B,True,0.95
q0682,D,D,True,0.9,D,True,0.9,D,True,0.95,D,True,0.85,D,True,0.95
q0683,C,D,False,0.9,C,True,0.95,C,True,0.95,C,True,0.95,C,True,0.85
q0684,B,B,True,0.9,C,False,0.9,C,False,0.95,A,False,0.95,C,False,0.95
q0685,D,D,True,0.9,D,True,1.0,D,True,0.95,A,False,0.0,D,True,0.95
q0686,A,A,True,0.9,A,True,0.9,B,False,0.95,A,True,0.0,A,True,0.95
q0687,B,B,True,0.9,B,True,0.9,A,False,0.95,B,True,0.85,B,True,0.95
q0688,A,D,False,0.9,D,False,0.9,D,False,0.95,D,False,0.85,D,False,0.95
q0689,C,C,True,0.9,B,False,0.9,C,True,0.95,C,True,0.85,B,False,0.95
q0690,B,B,True,0.9,B,True,0.8,B,True,0.95,B,True,0.85,B,True,0.95
q0691,C,C,True,0.9,C,True,0.8,C,True,0.95,C,True,0.85,C,True,0.95
q0692,D,D,True,0.9,B,False,0.8,B,False,0.85,B,False,0.85,B,False,0.95
q0693,C,C,True,0.9,C,True,0.9,C,True,0.85,C,True,0.95,C,True,0.95
q0694,A,A,True,0.9,A,True,0.9,A,True,0.85,A,True,0.95,A,True,0.95
q0695,B,E,False,0.9,E,False,0.9,A,False,0.0,B,True,0.8,B,True,0.95
q0696,D,D,True,0.9,D,True,0.9,D,True,0.95,D,True,0.95,D,True,0.95
q0697,E,E,True,0.9,B,False,0.9,E,True,0.95,E,True,0.85,B,False,0.85
q0698,A,A,True,0.85,A,True,0.8,A,True,0.95,A,True,0.85,A,True,0.95
q0699,A,A,True,0.9,A,True,0.85,B,False,0.85,A,True,0.85,D,False,0.85
q0700,C,C,True,0.9,B,False,0.8,E,False,0.95,C,True,0.85,C,True,0.95
q0701,D,E,False,0.9,D,True,1.0,B,False,0.95,B,False,0.95,B,False,0.95
q0702,D,C,False,0.9,C,False,0.9,C,False,0.95,A,False,0.0,C,False,0.95
q0703,E,E,True,0.9,E,True,0.9,B,False,0.95,E,True,0.95,B,False,0.95
q0704,E,E,True,0.95,A,False,0.9,A,False,0.95,E,True,0.95,A,False,0.95
q0705,D,D,True,0.9,D,True,0.95,D,True,0.95,D,True,0.85,D,True,0.95
q0706,C,E,False,0.9,A,False,0.9,C,True,0.95,A,False,0.0,E,False,0.95
q0707,D,D,True,0.9,D,True,0.9,D,True,0.95,D,True,0.95,D,True,0.95
q0708,B,B,True,0.9,B,True,0.9,B,True,0.85,B,True,0.99,B,True,0.99
q0709,B,C,False,0.9,C,False,0.8,B,True,0.85,C,False,0.85,C,False,0.95
q0710,D,D,True,0.8,C,False,0.9,A,False,0.95,E,False,0.8,C,False,0.95
q0711,C,C,True,0.9,C,True,0.9,C,True,0.95,C,True,0.95,C,True,0.95
q0712,C,D,False,0.9,E,False,0.8,E,False,0.95,E,False,0.95,E,False,0.95
q0713,A,A,True,0.9,A,True,0.9,A,True,0.95,A,True,0.95,A,True,0.95
q0714,B,A,False,0.9,A,False,0.9,A,False,0.95,E,False,0.85,A,False,0.95
q0715,B,C,False,0.9,C,False,0.95,C,False,0.95,C,False,0.95,C,False,0.95
q0716,D,D,True,0.95,D,True,0.9,B,False,0.95,A,False,0.75,B,False,0.95
q0717,B,B,True,0.9,B,True,0.9,B,True,0.95,B,True,0.95,B,True,0.85
q0718,E,B,False,0.9,B,False,0.9,B,False,0.85,A,False,0.0,B,False,0.95
q0719,A,B,False,0.9,E,False,0.8,A,True,0.95,E,False,0.85,C,False,0.85
q0720,B,D,False,0.9,A,False,0.0,D,False,0.95,A,False,0.7,C,False,0.95
q0721,B,B,True,0.9,B,True,0.8,B,True,0.95,E,False,0.95,B,True,0.95
q0722,E,E,True,0.9,E,True,0.9,A,False,0.95,E,True,0.85,E,True,0.95
q0723,D,B,False,0.9,B,False,0.9,B,False,0.95,B,False,0.85,B,False,0.95
q0724,E,A,False,0.9,D,False,0.9,D,False,0.95,A,False,0.85,E,True,0.95
q0725,D,D,True,0.9,D,True,0.9,B,False,0.95,B,False,0.95,D,True,0.85
q0726,E,C,False,0.9,E,True,0.9,E,True,0.95,B,False,0.85,E,True,0.95
q0727,B,B,True,0.9,B,True,0.95,B,True,0.95,A,False,0.95,B,True,0.95
q0728,D,D,True,0.9,D,True,0.9,B,False,0.95,C,False,0.85,B,False,0.95
q0729,D,D,True,0.9,D,True,0.95,B,False,0.85,D,True,0.95,D,True,0.95
q0730,D,D,True,0.9,D,True,0.9,D,True,0.95,D,True,0.85,D,True,0.95
q0731,B,B,True,0.9,B,True,0.8,B,True,0.95,B,True,0.85,B,True,0.95
q0732,B,B,True,0.9,B,True,0.9,B,True,0.85,B,True,0.95,B,True,0.95
q0733,C,C,True,0.9,C,True,0.9,C,True,0.85,C,True,0.95,C,True,0.95
q0734,D,A,False,0.9,C,False,0.9,C,False,0.85,B,False,0.8,E,False,0.95
q0735,A,A,True,0.9,A,True,0.9,A,True,0.8,A,True,0.85,B,False,0.85
q0736,A,D,False,0.9,D,False,0.8,D,False,0.85,D,False,0.85,D,False,0.95
q0737,D,C,False,0.9,C,False,1.0,C,False,0.95,C,False,0.85,C,False,0.95
q0738,A,B,False,1.0,A,True,0.5,B,False,0.85,A,True,0.85,A,True,0.95
q0739,A,A,True,0.9,A,True,0.9,A,True,0.95,A,True,0.0,A,True,0.85
q0740,E,E,True,0.9,D,False,0.9,D,False,0.95,D,False,0.85,D,False,0.95
q0741,A,A,True,0.9,A,True,0.9,C,False,0.95,A,True,0.95,C,False,0.95
q0742,B,B,True,0.9,B,True,0.9,B,True,0.95,B,True,0.85,B,True,0.85
q0743,B,B,True,0.9,A,False,0.9,A,False,0.95,C,False,0.85,A,False,0.95
q0744,D,D,True,0.9,D,True,0.9,D,True,0.95,D,True,0.95,D,True,0.95
q0745,A,C,False,0.8,D,False,0.9,D,False,0.95,D,False,0.85,D,False,0.95
q0746,B,B,True,0.9,B,True,0.9,B,True,0.95,B,True,0.85,B,True,0.99
q0747,D,B,False,0.8,D,True,0.9,E,False,0.85,E,False,0.85,E,False,0.95
q0748,A,C,False,0.9,C,False,0.9,C,False,0.95,C,False,0.85,C,False,0.95
q0749,C,A,False,0.9,C,True,0.9,A,False,0.95,A,False,0.95,A,False,0.95
q0750,B,B,True,0.9,B,True,0.9,B,True,0.95,B,True,0.95,B,True,0.95
q0751,C,D,False,0.9,D,False,0.9,C,True,0.95,C,True,0.85,C,True,0.95
q0752,C,B,False,0.8,A,False,0.9,A,False,0.95,C,True,0.95,E,False,0.85
q0753,C,C,True,0.9,C,True,0.9,C,True,0.95,C,True,0.95,C,True,0.95
q0754,B,B,True,0.9,B,True,0.9,B,True,0.95,D,False,0.85,D,False,0.95
q0755,D,E,False,0.9,A,False,0.9,B,False,0.85,B,False,0.95,E,False,0.85
q0756,C,D,False,0.9,C,True,0.9,C,True,0.95,D,False,0.85,C,True,0.95
q0757,E,C,False,0.9,A,False,0.9,A,False,0.95,D,False,0.85,D,False,0.85
q0758,E,C,False,0.9,C,False,0.9,C,False,0.95,C,False,0.95,C,False,0.95
q0759,D,D,True,0.9,A,False,0.9,A,False,0.95,B,False,0.85,D,True,0.95
q0760,C,B,False,0.9,C,True,0.9,C,True,0.95,C,True,0.85,C,True,0.95
q0761,E,E,True,0.9,B,False,0.9,A,False,0.95,A,False,0.85,E,True,0.95
q0762,C,A,False,0.9,C,True,0.9,A,False,0.95,A,False,0.95,C,True,0.95
q0763,A,D,False,0.9,D,False,0.9,A,True,0.9,E,False,0.95,A,True,0.85
q0764,D,E,False,0.9,E,False,0.9,E,False,0.95,E,False,0.95,C,False,0.95
q0765,D,B,False,0.9,B,False,0.9,B,False,0.95,A,False,0.8,B,False,0.95
q0766,E,E,True,0.95,E,True,0.9,B,False,0.85,B,False,0.85,E,True,0.95
q0767,B,B,True,0.9,B,True,0.85,A,False,0.5,B,True,0.85,A,False,0.0
q0768,B,B,True,0.9,C,False,0.9,B,True,0.95,C,False,0.95,B,True,0.95
q0769,C,C,True,0.85,C,True,0.9,B,False,0.85,C,True,0.85,B,False,0.85
q0770,B,B,True,0.9,B,True,1.0,B,True,0.95,B,True,0.8,B,True,0.95
q0771,C,E,False,0.9,C,True,1.0,E,False,0.9,A,False,0.85,B,False,0.85
q0772,E,C,False,0.9,C,False,0.9,C,False,0.95,C,False,0.95,C,False,0.95
q0773,A,C,False,0.9,A,True,0.9,A,True,0.85,A,True,0.0,C,False,0.95
q0774,E,D,False,0.8,D,False,0.8,B,False,0.85,C,False,0.85,C,False,0.85
q0775,A,A,True,0.9,D,False,0.9,D,False,0.95,D,False,0.85,B,False,0.85
q0776,B,A,False,1.0,A,False,1.0,A,False,0.85,A,False,0.85,E,False,0.85
q0777,C,E,False,0.9,E,False,0.9,E,False,0.99,E,False,0.85,E,False,0.85
q0778,C,E,False,0.9,A,False,0.8,A,False,0.95,E,False,0.85,C,True,0.85
q0779,E,E,True,0.9,A,False,0.9,A,False,0.95,D,False,0.85,E,True,0.85
q0780,D,B,False,0.9,E,False,0.9,C,False,0.95,E,False,0.85,E,False,0.85
q0781,E,E,True,0.9,E,True,0.8,E,True,0.95,E,True,0.85,E,True,0.95
q0782,E,E,True,0.9,E,True,0.8,E,True,0.95,C,False,0.85,E,True,0.95
q0783,B,B,True,0.9,B,True,0.9,C,False,0.85,B,True,0.6,B,True,0.95
q0784,B,E,False,0.95,E,False,0.8,B,True,0.95,B,True,0.85,B,True,0.95
q0785,D,C,False,0.9,C,False,0.95,C,False,0.95,A,False,0.0,B,False,0.95
q0786,E,E,True,0.9,E,True,0.9,E,True,0.95,E,True,0.85,B,False,0.95
q0787,D,C,False,0.8,C,False,0.8,D,True,0.95,D,True,0.85,D,True,0.95
q0788,D,D,True,0.9,D,True,0.8,D,True,0.95,D,True,0.9,D,True,0.95
q0789,C,C,True,0.9,C,True,0.9,C,True,0.85,C,True,0.95,B,False,0.85
q0790,B,B,True,0.9,A,False,0.9,B,True,0.85,C,False,0.85,C,False,0.85
q0791,A,D,False,0.9,D,False,0.9,D,False,0.95,D,False,0.85,D,False,0.95
q0792,C,C,True,0.9,C,True,0.9,C,True,0.95,E,False,0.85,C,True,0.95
q0793,B,C,False,0.95,C,False,0.8,B,True,0.85,C,False,0.8,C,False,0.95
q0794,E,E,True,0.95,E,True,0.9,E,True,0.85,D,False,0.8,D,False,0.95
q0795,C,D,False,0.9,E,False,0.9,C,True,0.95,C,True,0.85,E,False,0.95
q0796,D,D,True,0.9,D,True,0.9,A,False,0.95,D,True,0.85,A,False,0.95
q0797,E,E,True,0.9,E,True,0.9,E,True,0.95,C,False,0.95,E,True,0.95
q0798,C,D,False,0.9,D,False,0.8,D,False,0.95,A,False,0.85,D,False,0.95
q0799,C,D,False,0.9,C,True,0.9,C,True,0.95,D,False,0.85,C,True,0.95
q0800,C,C,True,1.0,C,True,1.0,A,False,0.8,C,True,0.95,A,False,0.8
q0801,B,D,False,0.9,B,True,0.9,B,True,0.85,D,False,0.85,D,False,0.95
q0802,E,B,False,1.0,C,False,1.0,A,False,0.95,A,False,0.95,A,False,0.95
q0803,B,B,True,0.9,B,True,0.9,A,False,0.95,B,True,0.85,B,True,0.95
q0804,A,A,True,0.9,D,False,0.9,D,False,0.95,A,True,0.0,D,False,0.95
q0805,C,C,True,0.95,C,True,0.9,C,True,0.95,C,True,0.85,C,True,0.95
q0806,B,B,True,0.9,B,True,0.85,B,True,0.85,A,False,0.0,D,False,0.95
q0807,A,B,False,0.9,C,False,0.9,B,False,0.95,A,True,0.85,C,False,0.95
q0808,D,D,True,0.9,D,True,0.9,D,True,0.85,D,True,0.85,D,True,0.95
q0809,B,B,True,0.9,B,True,0.9,E,False,0.95,B,True,0.85,A,False,0.95
q0810,A,B,False,0.9,B,False,0.9,B,False,0.95,B,False,0.85,A,True,0.85
q0811,E,E,True,0.9,E,True,0.9,E,True,0.95,C,False,0.85,E,True,0.95
q0812,E,E,True,0.85,B,False,0.8,B,False,0.85,B,False,0.85,A,False,0.95
q0813,C,E,False,0.9,C,True,0.8,C,True,0.85,C,True,0.85,E,False,0.85
q0814,E,C,False,0.9,C,False,0.9,E,True,0.95,E,True,0.85,B,False,0.95
q0815,A,A,True,0.9,C,False,0.8,A,True,0.95,A,True,0.85,A,True,0.95
q0816,A,A,True,0.8,A,True,0.8,A,True,0.95,A,True,0.95,A,True,0.95
q0817,C,B,False,0.9,C,True,0.8,B,False,0.95,A,False,0.85,A,False,0.0
q0818,B,B,True,0.9,D,False,1.0,B,True,0.85,A,False,0.95,B,True,0.95
q0819,E,A,False,0.9,A,False,0.9,A,False,0.95,A,False,0.95,A,False,0.95
q0820,C,C,True,0.85,C,True,0.9,C,True,0.95,C,True,0.85,C,True,0.95
q0821,D,C,False,0.9,C,False,0.95,C,False,0.95,C,False,0.95,C,False,0.95
q0822,C,B,False,0.9,D,False,0.9,B,False,0.95,D,False,0.85,D,False,0.95
q0823,D,B,False,0.9,B,False,0.9,B,False,0.95,C,False,0.95,B,False,0.95
q0824,B,B,True,1.0,B,True,1.0,B,True,0.95,B,True,0.85,B,True,0.85
q0825,D,D,True,0.9,A,False,0.9,A,False,0.85,A,False,0.85,A,False,0.95
q0826,C,D,False,0.9,A,False,0.9,D,False,0.95,C,True,0.85,D,False,0.95
q0827,B,B,True,0.9,B,True,0.9,B,True,0.95,B,True,0.75,B,True,0.85
q0828,C,C,True,0.9,C,True,0.8,E,False,0.95,C,True,0.85,E,False,0.95
q0829,E,D,False,0.9,D,False,0.8,D,False,0.95,D,False,0.85,D,False,0.95
q0830,B,E,False,0.9,E,False,0.9,B,True,0.95,B,True,0.85,E,False,0.85
q0831,A,A,True,0.9,A,True,0.9,C,False,0.85,A,True,0.85,A,True,0.95
q0832,C,C,True,0.9,C,True,0.9,C,True,0.95,C,True,0.95,C,True,0.95
q0833,D,D,True,0.9,C,False,0.9,D,True,0.95,A,False,0.0,D,True,0.85
q0834,D,D,True,0.9,D,True,0.9,D,True,0.95,D,True,0.7,D,True,0.95
q0835,C,B,False,0.9,B,False,0.9,B,False,0.85,B,False,0.85,B,False,0.85
q0836,B,B,True,0.9,B,True,0.95,B,True,0.95,B,True,0.85,B,True,0.95
q0837,D,D,True,0.9,D,True,0.9,D,True,0.95,B,False,0.85,B,False,0.85
q0838,A,A,True,0.9,A,True,0.9,A,True,0.95,A,True,0.95,A,True,0.95
q0839,B,B,True,0.9,B,True,0.9,B,True,0.95,B,True,0.85,B,True,0.95
q0840,D,D,True,0.9,D,True,0.9,D,True,0.9,D,True,0.95,D,True,0.95
q0841,B,B,True,0.9,B,True,0.8,B,True,0.95,B,True,0.85,B,True,0.95
q0842,C,C,True,0.9,C,True,0.8,C,True,0.95,C,True,0.95,B,False,0.95
q0843,D,D,True,0.95,D,True,0.9,B,False,0.95,E,False,0.95,A,False,0.95
q0844,A,D,False,0.8,A,True,0.9,A,True,0.95,E,False,0.85,E,False,0.95
q0845,A,A,True,0.9,A,True,0.9,A,True,0.95,A,True,0.85,E,False,0.95
q0846,D,D,True,0.9,D,True,0.9,D,True,0.95,D,True,0.85,D,True,0.95
q0847,D,D,True,0.9,D,True,1.0,D,True,0.95,D,True,0.95,D,True,0.85
q0848,C,C,True,0.9,C,True,0.9,C,True,0.95,C,True,0.95,C,True,0.95
q0849,E,E,True,0.9,E,True,0.9,B,False,0.95,E,True,0.95,E,True,0.95
q0850,C,C,True,0.9,B,False,0.8,C,True,0.95,B,False,0.95,B,False,0.95
q0851,C,B,False,0.8,B,False,0.8,B,False,0.95,B,False,0.85,B,False,0.95
q0852,D,D,True,0.9,D,True,0.9,D,True,0.95,B,False,0.85,B,False,0.95
q0853,D,D,True,0.9,B,False,0.95,B,False,0.95,B,False,0.95,B,False,0.95
q0854,B,C,False,0.9,B,True,0.9,B,True,0.95,B,True,0.95,A,False,0.95
q0855,B,B,True,0.9,B,True,0.6,A,False,0.9,A,False,0.95,A,False,0.95
q0856,D,A,False,0.9,A,False,0.9,A,False,0.95,B,False,0.8,A,False,0.85
q0857,D,D,True,0.9,D,True,0.9,D,True,0.95,D,True,0.95,D,True,0.95
q0858,A,C,False,0.85,B,False,0.9,B,False,0.95,B,False,0.95,B,False,0.95
q0859,D,D,True,0.9,D,True,0.8,D,True,0.85,D,True,0.6,D,True,0.85
q0860,D,D,True,0.9,D,True,0.8,D,True,0.95,D,True,0.8,B,False,0.85
q0861,C,E,False,0.9,E,False,0.9,B,False,0.95,B,False,0.6,E,False,0.95
q0862,B,D,False,0.9,D,False,0.8,D,False,0.95,B,True,0.85,D,False,0.95
q0863,A,A,True,0.9,A,True,0.8,D,False,0.95,A,True,0.95,A,True,0.95
q0864,E,E,True,0.95,E,True,0.9,E,True,0.95,A,False,0.95,A,False,0.95
q0865,C,C,True,0.9,C,True,0.9,C,True,0.95,E,False,0.95,C,True,0.95
q0866,B,B,True,0.9,B,True,0.9,A,False,0.85,A,False,0.9,A,False,0.95
q0867,B,C,False,0.8,C,False,0.8,C,False,0.95,B,True,0.85,B,True,0.85
q0868,D,D,True,0.9,C,False,0.9,D,True,0.95,D,True,0.4,D,True,0.95
q0869,A,D,False,0.9,,False,0.5,D,False,0.85,A,True,0.0,A,True,0.85
q0870,A,A,True,0.95,A,True,0.9,D,False,0.95,A,True,0.85,A,True,0.95
q0871,B,B,True,0.9,E,False,0.8,B,True,0.95,B,True,0.6,D,False,0.98
q0872,D,E,False,1.0,E,False,1.0,D,True,0.95,D,True,0.85,D,True,0.95
q0873,C,C,True,0.9,D,False,0.8,A,False,0.95,C,True,0.95,C,True,0.95
q0874,E,E,True,0.9,E,True,0.9,E,True,0.95,A,False,0.85,E,True,0.95
q0875,E,E,True,0.9,E,True,0.8,A,False,0.95,C,False,0.85,E,True,0.95
q0876,D,D,True,0.9,D,True,0.9,D,True,0.95,D,True,0.95,D,True,0.95
q0877,B,B,True,1.0,B,True,1.0,B,True,0.95,B,True,0.95,B,True,0.85
q0878,D,D,True,0.9,D,True,1.0,D,True,0.95,D,True,0.95,D,True,0.95
q0879,E,E,True,0.9,E,True,0.85,E,True,0.85,E,True,0.95,E,True,0.85
q0880,C,D,False,0.9,D,False,0.9,D,False,0.95,D,False,0.85,D,False,0.95
q0881,A,A,True,0.9,A,True,0.9,A,True,0.85,A,True,0.95,A,True,0.85
q0882,D,B,False,0.8,B,False,0.8,B,False,0.95,B,False,0.85,B,False,0.85
q0883,B,B,True,0.9,B,True,0.95,B,True,0.95,B,True,0.95,B,True,0.95
q0884,A,A,True,0.9,A,True,0.9,A,True,0.95,A,True,0.95,A,True,0.85
q0885,C,C,True,0.9,C,True,0.95,C,True,0.85,C,True,0.95,C,True,0.85
q0886,A,E,False,1.0,E,False,1.0,A,True,0.95,B,False,0.85,A,True,0.95
q0887,A,B,False,0.9,C,False,0.8,C,False,0.85,D,False,0.85,D,False,0.85
q0888,A,C,False,1.0,C,False,1.0,C,False,0.95,C,False,0.85,C,False,0.95
q0889,B,B,True,0.9,B,True,0.9,B,True,0.95,B,True,0.95,B,True,0.95
q0890,A,A,True,0.9,A,True,0.9,A,True,0.95,A,True,0.95,A,True,0.95
q0891,A,D,False,0.9,C,False,0.9,D,False,0.85,A,True,0.5,D,False,0.95
q0892,E,A,False,0.9,A,False,0.9,D,False,0.95,A,False,0.85,B,False,0.85
q0893,B,B,True,0.9,B,True,0.9,B,True,0.95,B,True,0.85,B,True,0.95
q0894,A,A,True,0.9,A,True,0.9,A,True,0.85,B,False,0.85,B,False,0.95
q0895,D,A,False,0.9,D,True,0.9,A,False,0.95,A,False,0.85,A,False,0.95
q0896,E,E,True,0.9,E,True,0.9,E,True,0.95,E,True,0.95,E,True,0.85
q0897,B,B,True,0.9,B,True,0.8,B,True,0.95,B,True,0.85,B,True,0.95
q0898,C,C,True,0.9,C,True,0.9,C,True,0.95,C,True,0.95,C,True,0.9
q0899,C,D,False,0.9,D,False,0.8,B,False,0.95,A,False,0.85,E,False,0.95
q0900,C,C,True,0.9,C,True,0.8,C,True,0.95,D,False,0.85,C,True,0.85
q0901,E,E,True,0.9,E,True,0.95,B,False,0.85,B,False,0.85,E,True,0.95
q0902,C,B,False,0.9,E,False,0.9,B,False,0.95,B,False,0.8,B,False,0.95
q0903,B,B,True,0.9,B,True,0.9,B,True,0.95,B,True,0.85,B,True,0.95
q0904,C,E,False,0.9,E,False,0.9,A,False,0.95,E,False,0.85,E,False,0.95
q0905,A,C,False,1.0,C,False,0.8,C,False,0.95,C,False,0.85,C,False,0.95
q0906,E,C,False,0.9,C,False,0.9,C,False,0.95,A,False,0.85,C,False,0.95
q0907,A,E,False,0.9,E,False,0.9,A,True,0.95,A,True,0.85,A,True,0.85
q0908,C,A,False,0.9,A,False,0.9,E,False,0.95,C,True,0.95,C,True,0.95
q0909,B,C,False,0.9,C,False,0.9,C,False,0.95,A,False,0.85,A,False,0.95
q0910,C,B,False,0.9,B,False,0.9,A,False,0.0,A,False,0.0,A,False,0.0
q0911,D,A,False,0.9,A,False,0.8,A,False,0.95,B,False,0.85,B,False,0.95
q0912,B,B,True,0.9,B,True,0.9,B,True,0.95,B,True,0.95,B,True,0.95
q0913,E,D,False,0.9,D,False,0.9,D,False,0.95,D,False,0.95,D,False,0.95
q0914,D,A,False,0.9,A,False,0.8,A,False,0.95,A,False,0.85,A,False,0.95
q0915,A,A,True,0.9,A,True,0.9,A,True,0.95,A,True,0.95,A,True,0.95
q0916,A,A,True,0.85,A,True,0.8,D,False,0.95,D,False,0.95,A,True,0.95
q0917,E,E,True,0.8,B,False,0.8,B,False,0.98,B,False,0.8,D,False,0.95
q0918,B,B,True,0.95,B,True,0.9,B,True,0.95,B,True,0.95,B,True,0.95
q0919,C,C,True,0.9,C,True,0.9,E,False,0.95,C,True,0.95,E,False,0.95
q0920,A,A,True,0.9,A,True,0.9,A,True,0.95,A,True,0.95,A,True,0.95
q0921,B,A,False,0.9,A,False,0.9,A,False,0.95,A,False,0.95,A,False,0.95
q0922,A,D,False,0.9,D,False,0.9,A,True,0.95,A,True,0.95,A,True,0.95
q0923,C,C,True,0.9,C,True,0.9,C,True,0.95,C,True,0.2,C,True,0.95
q0924,A,A,True,0.9,A,True,0.8,A,True,0.95,A,True,0.85,A,True,0.95
q0925,C,C,True,0.9,C,True,0.9,C,True,0.95,C,True,0.95,C,True,0.95
q0926,B,B,True,0.9,B,True,0.9,B,True,0.85,E,False,0.95,B,True,0.85
q0927,C,C,True,0.9,C,True,0.9,A,False,0.95,D,False,0.85,A,False,0.85
q0928,B,B,True,0.9,C,False,0.9,C,False,0.95,C,False,0.85,B,True,0.95
q0929,C,C,True,0.9,C,True,0.9,C,True,0.95,C,True,0.85,A,False,0.95
q0930,A,A,True,0.9,D,False,0.8,E,False,0.95,D,False,0.85,A,True,0.95
q0931,A,B,False,0.9,B,False,0.8,B,False,0.85,B,False,0.8,B,False,0.85
q0932,E,E,True,0.9,D,False,0.9,D,False,0.95,D,False,0.95,D,False,0.95
q0933,A,E,False,0.9,E,False,0.9,B,False,0.95,E,False,0.95,B,False,0.95
q0934,B,B,True,0.9,B,True,0.8,B,True,0.95,B,True,0.85,C,False,0.95
q0935,A,C,False,0.9,B,False,0.8,B,False,0.6,E,False,0.8,A,True,0.95
q0936,B,C,False,0.9,C,False,0.85,C,False,0.99,C,False,0.85,C,False,0.95
q0937,D,D,True,0.9,E,False,1.0,E,False,0.95,D,True,0.85,E,False,0.9
q0938,D,D,True,0.9,D,True,0.9,D,True,0.85,D,True,0.85,D,True,0.85
q0939,A,C,False,0.9,B,False,0.9,C,False,0.85,C,False,0.95,C,False,0.85
q0940,A,D,False,0.9,A,True,0.9,A,True,0.95,E,False,0.95,E,False,0.95
q0941,A,A,True,0.9,A,True,0.9,A,True,0.85,A,True,0.95,A,True,0.95
q0942,B,D,False,0.9,D,False,0.9,D,False,0.95,A,False,0.5,D,False,0.95
q0943,E,E,True,0.95,E,True,0.9,E,True,0.95,E,True,0.95,E,True,0.95
q0944,E,C,False,0.9,C,False,0.9,E,True,0.95,C,False,0.95,C,False,0.95
q0945,B,C,False,1.0,B,True,0.4,A,False,0.0,A,False,0.0,A,False,0.0
q0946,D,D,True,0.9,D,True,0.9,D,True,0.95,E,False,0.85,E,False,0.95
q0947,B,D,False,0.9,A,False,0.8,D,False,0.85,D,False,0.7,D,False,0.85
q0948,D,D,True,0.9,C,False,0.9,C,False,0.95,C,False,0.95,C,False,0.95
q0949,A,A,True,0.9,A,True,0.9,E,False,0.95,C,False,0.8,A,True,0.95
q0950,A,C,False,0.9,B,False,1.0,A,True,0.85,C,False,0.85,C,False,0.85
q0951,C,D,False,0.9,D,False,0.8,C,True,0.95,C,True,0.99,C,True,0.85
q0952,A,D,False,0.9,A,True,0.9,C,False,0.85,C,False,0.85,C,False,0.95
q0953,D,C,False,0.9,C,False,0.9,C,False,0.8,C,False,0.95,C,False,0.95
q0954,C,B,False,0.9,B,False,0.9,B,False,0.95,E,False,0.95,B,False,0.85
q0955,D,D,True,0.9,D,True,0.9,C,False,0.95,D,True,0.95,C,False,0.95
q0956,B,B,True,0.9,B,True,0.9,A,False,0.0,C,False,0.85,C,False,0.95
q0957,B,B,True,0.9,B,True,0.9,B,True,0.95,B,True,0.95,B,True,0.95
q0958,C,C,True,0.9,C,True,0.9,C,True,0.95,B,False,0.85,C,True,0.95
q0959,B,B,True,0.8,B,True,0.85,B,True,0.85,B,True,0.85,B,True,0.95
q0960,D,B,False,0.8,A,False,0.9,A,False,0.85,A,False,0.95,A,False,0.95
q0961,A,D,False,0.9,D,False,1.0,E,False,0.95,E,False,0.8,E,False,0.95
q0962,B,B,True,0.95,B,True,0.9,B,True,0.85,A,False,0.95,B,True,0.95
q0963,E,C,False,0.9,C,False,0.8,A,False,0.95,A,False,0.85,A,False,0.99
q0964,D,C,False,0.9,C,False,0.9,B,False,0.85,B,False,0.85,B,False,0.85
q0965,D,B,False,0.9,D,True,0.95,B,False,0.85,D,True,0.85,B,False,0.85
q0966,C,E,False,0.9,E,False,0.9,E,False,0.95,C,True,0.95,E,False,0.95
q0967,C,C,True,0.95,C,True,0.9,C,True,0.95,C,True,0.85,C,True,0.95
q0968,A,A,True,0.9,A,True,0.95,A,True,0.95,A,True,0.95,A,True,0.95
q0969,C,C,True,0.95,C,True,0.9,C,True,0.95,A,False,0.0,C,True,0.95
q0970,D,D,True,0.9,D,True,0.9,D,True,0.85,D,True,0.85,D,True,0.95
q0971,E,E,True,0.8,E,True,0.8,B,False,0.95,B,False,0.95,B,False,0.95
q0972,C,C,True,0.9,B,False,0.8,B,False,0.95,A,False,0.0,E,False,0.95
q0973,B,C,False,0.9,B,True,0.9,B,True,0.95,B,True,0.85,B,True,0.85
q0974,E,E,True,0.9,E,True,0.9,E,True,0.99,E,True,0.85,B,False,0.95
q0975,C,C,True,0.9,C,True,0.9,C,True,0.95,C,True,0.95,C,True,0.95
q0976,E,A,False,0.9,,False,0.5,E,True,0.95,E,True,0.85,A,False,0.85
q0977,B,B,True,0.95,B,True,0.9,B,True,0.95,B,True,0.95,B,True,0.95
q0978,C,C,True,0.9,C,True,0.9,C,True,0.95,C,True,0.95,C,True,0.95
q0979,D,A,False,0.8,A,False,0.9,A,False,0.95,A,False,0.95,A,False,0.95
q0980,C,A,False,0.8,C,True,0.9,C,True,0.85,A,False,0.95,C,True,0.85
q0981,D,D,True,1.0,D,True,0.9,D,True,0.95,D,True,0.95,D,True,0.95
q0982,B,B,True,0.9,B,True,0.8,B,True,0.95,B,True,0.95,B,True,0.95
q0983,D,D,True,0.9,B,False,0.8,B,False,0.95,B,False,0.95,B,False,0.95
q0984,D,A,False,0.9,D,True,0.9,A,False,0.95,A,False,0.85,A,False,0.95
q0985,A,A,True,0.9,B,False,0.9,A,True,0.95,B,False,0.85,A,True,0.95
q0986,D,A,False,0.9,C,False,0.9,A,False,0.95,A,False,0.85,A,False,0.95
q0987,B,B,True,0.95,B,True,0.9,B,True,0.95,B,True,0.95,A,False,0.95
q0988,B,E,False,1.0,E,False,0.9,E,False,0.85,E,False,0.85,E,False,0.95
q0989,B,D,False,0.9,A,False,0.9,D,False,0.95,A,False,0.98,D,False,0.99
q0990,E,C,False,0.9,C,False,0.95,C,False,0.95,E,True,0.6,C,False,0.95
q0991,D,D,True,0.95,D,True,0.9,D,True,0.95,D,True,0.95,D,True,0.95
q0992,E,E,True,0.9,E,True,0.8,E,True,0.85,E,True,0.85,E,True,0.95
q0993,A,A,True,0.9,A,True,0.8,A,True,0.95,D,False,0.85,D,False,0.95
q0994,B,D,False,0.9,B,True,0.9,A,False,0.0,E,False,0.85,E,False,0.95
q0995,D,D,True,0.9,D,True,0.9,D,True,0.95,B,False,0.85,B,False,0.85
q0996,D,D,True,0.9,E,False,0.8,D,True,0.95,C,False,0.95,C,False,0.95
q0997,E,E,True,0.9,E,True,0.9,E,True,0.95,E,True,0.95,C,False,0.95
q0998,B,B,True,0.9,B,True,0.9,B,True,0.95,B,True,0.95,B,True,0.85
q0999,E,E,True,0.9,D,False,0.9,D,False,0.85,D,False,0.85,D,False,0.95
q1000,C,C,True,0.9,C,True,0.9,C,True,0.95,C,True,0.85,C,True,0.95
q1001,C,C,True,0.9,C,True,0.9,C,True,0.95,C,True,0.85,C,True,0.95
q1002,B,B,True,0.85,B,True,0.9,B,True,0.85,B,True,0.85,B,True,0.85
q1003,E,B,False,0.9,C,False,0.9,C,False,0.95,C,False,0.95,B,False,0.95
q1004,D,D,True,0.9,C,False,0.9,D,True,0.95,D,True,0.85,D,True,0.85
q1005,E,E,True,0.9,E,True,0.9,E,True,0.99,E,True,0.95,E,True,0.95
q1006,C,A,False,0.9,C,True,0.9,B,False,0.95,A,False,0.5,B,False,0.85
q1007,B,B,True,0.95,C,False,0.9,B,True,0.95,C,False,0.85,C,False,0.95
q1008,E,A,False,0.9,C,False,0.9,B,False,0.95,C,False,0.85,C,False,0.95
q1009,D,B,False,0.9,D,True,0.9,B,False,0.95,C,False,0.95,B,False,0.95
q1010,C,D,False,0.95,C,True,0.9,C,True,0.85,A,False,0.95,D,False,0.85
q1011,E,E,True,0.9,E,True,0.8,E,True,0.95,E,True,0.8,E,True,0.95
q1012,A,A,True,0.9,A,True,1.0,A,True,0.95,A,True,0.95,A,True,0.95
q1013,D,D,True,0.9,D,True,0.9,D,True,0.95,D,True,0.85,D,True,0.85
q1014,C,A,False,0.9,C,True,0.9,A,False,0.95,A,False,0.95,C,True,0.95
q1015,A,A,True,0.9,A,True,0.9,A,True,0.99,A,True,0.0,A,True,0.95
q1016,D,E,False,0.9,E,False,0.9,D,True,0.95,D,True,0.95,D,True,0.95
q1017,E,E,True,0.95,E,True,0.95,B,False,0.95,E,True,0.85,B,False,0.85
q1018,B,B,True,0.9,B,True,0.9,B,True,0.95,B,True,0.85,B,True,0.95
q1019,A,A,True,0.9,D,False,0.9,A,True,0.95,A,True,0.85,A,True,0.95
q1020,D,E,False,0.9,C,False,0.9,E,False,0.95,B,False,0.85,B,False,0.95
q1021,E,D,False,0.8,C,False,0.8,A,False,0.95,D,False,0.85,C,False,0.95
q1022,A,B,False,0.9,B,False,0.9,B,False,0.95,B,False,0.85,B,False,0.95
q1023,D,C,False,0.9,C,False,0.9,C,False,0.8,C,False,0.95,C,False,0.95
q1024,C,C,True,1.0,C,True,1.0,C,True,0.95,C,True,0.85,C,True,0.95
q1025,D,D,True,0.9,D,True,0.9,D,True,0.85,D,True,0.95,D,True,0.95
q1026,A,B,False,0.9,B,False,0.9,B,False,0.95,B,False,0.85,B,False,0.85
q1027,B,C,False,0.9,B,True,0.8,B,True,0.85,B,True,0.8,C,False,0.95
q1028,E,E,True,0.9,E,True,0.8,E,True,0.8,E,True,0.85,E,True,0.95
q1029,A,C,False,0.9,C,False,0.9,A,True,0.95,A,True,0.95,A,True,0.85
q1030,A,C,False,0.9,C,False,0.9,C,False,0.95,C,False,0.8,C,False,0.95
q1031,E,E,True,0.9,D,False,0.9,D,False,0.95,E,True,0.85,E,True,0.95
q1032,C,C,True,0.9,C,True,0.9,B,False,0.95,B,False,0.85,C,True,0.95
q1033,B,B,True,0.9,B,True,0.9,B,True,0.95,B,True,0.95,A,False,0.95
q1034,B,C,False,0.9,B,True,0.9,C,False,0.95,B,True,0.85,B,True,0.95
q1035,B,B,True,0.9,B,True,0.8,B,True,0.95,B,True,0.85,B,True,0.85
q1036,B,A,False,0.9,B,True,0.9,B,True,0.95,A,False,0.0,A,False,0.0
q1037,A,D,False,0.9,D,False,0.9,D,False,0.95,D,False,0.95,D,False,0.95
q1038,A,B,False,0.9,B,False,0.9,A,True,0.95,A,True,0.95,B,False,0.95
q1039,B,B,True,0.9,B,True,0.9,B,True,0.85,B,True,0.85,B,True,0.85
q1040,B,B,True,0.9,C,False,0.9,C,False,0.95,C,False,0.85,C,False,0.95
q1041,D,E,False,0.9,E,False,1.0,B,False,0.95,B,False,0.95,E,False,0.95
q1042,E,E,True,0.9,E,True,0.9,E,True,0.95,E,True,0.95,E,True,0.95
q1043,E,E,True,0.9,B,False,0.9,B,False,0.85,E,True,0.85,E,True,0.95
q1044,B,B,True,0.9,B,True,0.9,B,True,0.85,B,True,0.85,B,True,0.9
q1045,A,A,True,0.9,A,True,0.9,A,True,0.95,A,True,0.95,A,True,0.85
q1046,B,C,False,0.9,A,False,0.5,E,False,0.85,D,False,0.85,C,False,0.95
q1047,B,B,True,0.9,B,True,0.9,B,True,0.95,B,True,0.95,B,True,0.95
q1048,B,C,False,0.9,C,False,0.9,B,True,0.95,B,True,0.5,A,False,0.5
q1049,C,C,True,0.9,C,True,0.8,C,True,0.95,C,True,0.95,C,True,0.95
q1050,D,D,True,0.9,D,True,0.9,D,True,0.95,D,True,0.95,C,False,0.95
q1051,D,B,False,0.9,B,False,1.0,B,False,0.85,B,False,0.85,A,False,0.95
q1052,B,B,True,0.9,B,True,0.9,A,False,0.95,A,False,0.95,A,False,0.95
q1053,B,E,False,0.9,E,False,0.8,B,True,0.95,B,True,0.85,B,True,0.95
q1054,A,D,False,0.9,A,True,0.9,D,False,0.95,A,True,0.85,D,False,0.85
q1055,C,C,True,0.8,C,True,0.95,C,True,0.95,C,True,0.95,B,False,0.95
q1056,D,D,True,0.8,D,True,0.8,D,True,0.95,D,True,0.95,D,True,0.95
q1057,B,B,True,0.9,B,True,0.9,A,False,0.95,D,False,0.7,A,False,0.95
q1058,D,D,True,0.9,D,True,0.8,D,True,0.85,D,True,0.8,D,True,0.95
q1059,A,A,True,0.9,A,True,0.9,A,True,0.85,A,True,0.85,A,True,0.95
q1060,D,B,False,0.9,B,False,0.9,B,False,0.95,B,False,0.85,B,False,0.95
q1061,E,E,True,0.9,E,True,0.9,E,True,0.95,E,True,0.95,B,False,0.95
q1062,B,D,False,0.9,E,False,0.9,B,True,0.85,B,True,0.85,C,False,0.95
q1063,D,D,True,0.9,D,True,0.9,D,True,0.95,D,True,0.95,D,True,0.95
q1064,E,E,True,0.95,E,True,0.95,E,True,0.95,E,True,0.95,E,True,0.95
q1065,A,E,False,0.9,E,False,0.8,D,False,0.95,A,True,0.95,C,False,0.8
q1066,A,D,False,0.9,A,True,0.9,A,True,0.95,E,False,0.7,A,True,0.95
q1067,C,C,True,0.9,B,False,0.9,B,False,0.85,C,True,0.95,C,True,0.95
q1068,B,B,True,0.9,E,False,0.9,E,False,0.85,E,False,0.85,D,False,0.85
q1069,B,B,True,0.9,B,True,0.9,B,True,0.95,B,True,0.85,B,True,0.85
q1070,E,E,True,0.9,E,True,0.95,E,True,0.95,E,True,0.95,E,True,0.95
q1071,A,B,False,0.9,A,True,0.9,A,True,0.95,A,True,0.95,A,True,0.85
q1072,D,D,True,0.9,D,True,0.9,D,True,0.95,D,True,0.95,D,True,0.95
q1073,E,B,False,0.9,B,False,0.8,B,False,0.85,A,False,0.95,B,False,0.85
q1074,C,B,False,0.9,B,False,0.9,B,False,0.95,A,False,0.0,B,False,0.95
q1075,E,E,True,0.9,B,False,0.9,B,False,0.95,B,False,0.85,B,False,0.95
q1076,B,E,False,1.0,E,False,1.0,E,False,0.95,E,False,0.95,E,False,0.95
q1077,A,D,False,0.9,D,False,0.8,D,False,0.95,D,False,0.85,A,True,0.85
q1078,B,B,True,0.9,D,False,0.9,D,False,0.95,D,False,0.8,D,False,0.95
q1079,E,A,False,0.9,A,False,0.9,A,False,0.95,A,False,0.85,A,False,0.95
q1080,D,D,True,0.8,E,False,0.6,A,False,0.0,E,False,0.85,C,False,0.95
q1081,E,E,True,0.9,C,False,0.95,C,False,0.95,E,True,0.95,E,True,0.95
q1082,C,C,True,0.95,C,True,0.9,C,True,0.95,C,True,0.85,C,True,0.95
q1083,A,A,True,0.9,A,True,0.9,A,True,0.95,A,True,0.95,A,True,0.95
q1084,D,D,True,0.9,B,False,0.9,B,False,0.95,B,False,0.85,C,False,0.95
q1085,A,C,False,0.9,A,True,0.8,C,False,0.85,A,True,0.85,E,False,0.95
q1086,B,B,True,0.9,B,True,0.9,A,False,0.0,B,True,0.95,B,True,0.85
q1087,D,D,True,0.9,B,False,0.9,B,False,0.95,D,True,0.85,B,False,0.85
q1088,B,B,True,1.0,B,True,1.0,A,False,0.85,A,False,0.95,B,True,0.95
q1089,B,B,True,0.9,B,True,0.85,B,True,0.85,B,True,0.95,E,False,0.95
q1090,D,D,True,0.95,A,False,0.5,A,False,0.0,A,False,0.0,C,False,0.95
q1091,D,D,True,0.9,D,True,0.9,D,True,0.85,D,True,0.95,D,True,0.95
q1092,C,C,True,0.9,C,True,0.9,B,False,0.85,C,True,0.95,C,True,0.95
q1093,B,B,True,0.9,C,False,0.8,E,False,0.95,B,True,0.85,D,False,0.85
q1094,C,C,True,0.9,A,False,0.8,C,True,0.85,A,False,0.85,C,True,0.95
q1095,D,A,False,1.0,A,False,0.9,A,False,0.95,A,False,0.95,A,False,0.95
q1096,D,D,True,0.9,D,True,1.0,D,True,0.95,C,False,0.85,D,True,0.85
q1097,C,B,False,0.9,C,True,0.9,C,True,0.95,C,True,0.85,C,True,0.95
q1098,E,B,False,0.9,,False,0.5,A,False,0.95,A,False,0.85,A,False,0.95
q1099,A,A,True,0.9,A,True,0.8,A,True,0.95,A,True,0.85,A,True,0.95
q1100,B,A,False,0.9,A,False,0.9,B,True,0.95,B,True,0.85,B,True,0.85
q1101,A,A,True,0.9,A,True,0.9,A,True,0.95,A,True,0.85,A,True,0.95
q1102,D,D,True,0.8,D,True,0.8,C,False,0.8,C,False,0.95,C,False,0.95
q1103,D,D,True,0.9,D,True,0.9,D,True,0.95,D,True,0.95,D,True,0.95
q1104,B,C,False,0.9,D,False,0.8,B,True,0.85,B,True,0.85,C,False,0.95
q1105,A,B,False,0.9,A,True,0.9,E,False,0.95,C,False,0.85,C,False,0.95
q1106,C,C,True,0.9,C,True,0.8,B,False,0.85,B,False,0.85,B,False,0.95
q1107,A,C,False,0.8,E,False,0.8,C,False,0.95,C,False,0.95,C,False,0.95
q1108,D,D,True,0.9,D,True,0.8,D,True,0.95,D,True,0.85,C,False,0.95
q1109,B,B,True,0.9,B,True,0.9,B,True,0.95,B,True,0.95,B,True,0.95
q1110,D,C,False,0.9,C,False,0.9,C,False,0.95,A,False,0.85,C,False,0.85
q1111,C,C,True,0.9,C,True,0.9,B,False,0.95,C,True,0.95,C,True,0.95
q1112,C,C,True,0.9,C,True,0.9,C,True,0.95,C,True,0.95,C,True,0.95
q1113,E,E,True,0.9,E,True,1.0,A,False,0.95,E,True,0.95,E,True,0.95
q1114,D,E,False,0.9,E,False,0.9,B,False,0.95,B,False,0.85,B,False,0.95
q1115,E,C,False,0.9,E,True,0.9,E,True,0.95,E,True,0.95,E,True,0.95
q1116,D,D,True,0.9,D,True,0.9,D,True,0.95,D,True,0.85,D,True,0.95
q1117,C,B,False,0.9,A,False,0.8,A,False,0.95,A,False,0.85,C,True,0.85
q1118,D,D,True,0.95,D,True,0.9,D,True,0.95,D,True,0.95,D,True,0.95
q1119,D,D,True,0.9,D,True,0.85,D,True,0.85,D,True,0.85,A,False,0.85
q1120,D,D,True,0.9,D,True,0.9,D,True,0.95,D,True,0.95,D,True,0.95
q1121,A,A,True,0.9,D,False,0.8,A,True,0.95,A,True,0.85,A,True,0.95
q1122,A,A,True,0.9,A,True,0.9,A,True,0.95,A,True,0.85,A,True,0.95
q1123,E,B,False,0.9,E,True,0.9,B,False,0.95,E,True,0.85,B,False,0.95
q1124,E,C,False,0.9,C,False,0.9,C,False,0.95,C,False,0.95,C,False,0.95
q1125,D,D,True,0.95,D,True,0.9,D,True,0.95,D,True,0.85,D,True,0.9
q1126,E,E,True,0.9,E,True,0.9,A,False,0.95,A,False,0.95,A,False,0.8
q1127,C,C,True,0.9,C,True,0.9,B,False,0.85,E,False,0.85,B,False,0.95
q1128,A,A,True,0.9,A,True,0.9,B,False,0.85,B,False,0.85,B,False,0.95
q1129,C,C,True,1.0,C,True,1.0,C,True,0.95,C,True,0.85,C,True,0.95
q1130,A,A,True,0.9,A,True,0.9,A,True,0.85,A,True,0.85,C,False,0.95
q1131,A,A,True,0.9,A,True,0.9,B,False,0.95,A,True,0.95,A,True,0.95
q1132,E,E,True,0.9,C,False,0.85,E,True,0.85,E,True,0.8,C,False,0.85
q1133,C,C,True,0.9,C,True,0.9,C,True,0.95,C,True,0.85,C,True,0.95
q1134,A,C,False,0.9,C,False,0.9,C,False,0.95,C,False,0.85,A,True,0.95
q1135,E,A,False,0.9,A,False,1.0,C,False,0.95,A,False,0.95,A,False,0.95
q1136,E,C,False,0.9,C,False,0.9,B,False,0.85,A,False,0.85,A,False,0.95
q1137,D,D,True,0.9,D,True,0.9,D,True,0.95,D,True,0.95,D,True,0.95
q1138,E,A,False,0.9,A,False,0.9,A,False,0.95,A,False,0.95,A,False,0.85
q1139,A,E,False,0.9,E,False,1.0,E,False,0.95,E,False,0.85,E,False,0.95
q1140,C,B,False,0.9,A,False,0.9,A,False,0.95,E,False,0.8,A,False,0.95
q1141,C,C,True,0.8,C,True,0.8,C,True,0.85,C,True,0.85,C,True,0.85
q1142,A,D,False,0.9,B,False,0.9,A,True,0.95,A,True,0.85,A,True,0.95
q1143,C,C,True,0.9,E,False,0.8,E,False,0.85,A,False,0.85,A,False,0.95
q1144,C,C,True,0.95,C,True,0.9,C,True,0.95,C,True,0.95,C,True,0.95
q1145,A,A,True,0.95,A,True,0.95,A,True,0.95,A,True,0.95,A,True,0.95
q1146,C,A,False,0.9,A,False,0.5,C,True,0.95,A,False,0.85,C,True,0.95
q1147,A,C,False,0.9,C,False,1.0,B,False,0.85,B,False,0.85,B,False,0.95
q1148,A,A,True,0.9,A,True,0.9,A,True,0.95,A,True,0.95,A,True,0.95
q1149,B,B,True,0.9,B,True,0.9,B,True,0.95,B,True,0.85,C,False,0.95
q1150,A,A,True,0.95,A,True,0.9,C,False,0.95,C,False,0.95,C,False,0.85
q1151,B,B,True,0.9,E,False,0.9,E,False,0.95,E,False,0.95,E,False,0.95
q1152,B,A,False,0.9,B,True,0.9,B,True,0.95,B,True,0.85,A,False,0.95
q1153,A,C,False,0.9,C,False,0.9,C,False,0.85,C,False,0.85,C,False,0.95
q1154,D,D,True,0.9,D,True,0.8,C,False,0.85,D,True,0.85,A,False,0.0
q1155,E,E,True,0.95,E,True,0.95,E,True,0.95,A,False,0.0,C,False,0.95
q1156,C,C,True,0.9,C,True,0.9,C,True,0.85,C,True,0.95,C,True,0.95
q1157,E,E,True,0.9,E,True,0.8,C,False,0.95,E,True,0.8,E,True,0.95
q1158,E,D,False,0.8,D,False,0.9,A,False,0.85,A,False,0.85,A,False,0.85
q1159,A,C,False,0.9,C,False,0.8,C,False,0.98,A,True,0.95,C,False,0.95
q1160,C,C,True,0.9,C,True,0.9,C,True,0.95,C,True,0.95,C,True,0.95
q1161,B,D,False,0.9,C,False,0.9,A,False,0.95,B,True,0.8,D,False,0.95
q1162,E,E,True,0.9,B,False,1.0,B,False,0.95,B,False,0.85,B,False,0.95
q1163,C,E,False,0.95,C,True,0.9,A,False,0.3,A,False,0.0,C,True,0.95
q1164,A,C,False,0.9,D,False,0.8,A,True,0.95,C,False,0.85,A,True,0.95
q1165,B,B,True,0.9,B,True,0.95,B,True,0.85,B,True,0.85,B,True,0.95
q1166,D,D,True,0.9,D,True,0.9,D,True,0.95,D,True,0.95,D,True,0.95
q1167,B,C,False,0.9,B,True,0.9,B,True,0.95,C,False,0.95,B,True,0.85
q1168,A,A,True,0.9,A,True,0.9,A,True,0.95,A,True,0.95,A,True,0.95
q1169,C,A,False,0.9,A,False,0.9,A,False,0.95,C,True,0.85,A,False,0.95
q1170,A,A,True,0.8,A,True,0.85,C,False,0.85,C,False,0.95,A,True,0.95
q1171,D,D,True,0.9,D,True,0.9,D,True,0.85,D,True,0.8,D,True,0.95
q1172,E,E,True,0.9,C,False,0.9,C,False,0.95,C,False,0.85,C,False,0.95
q1173,A,A,True,0.9,A,True,0.9,A,True,0.95,A,True,0.85,B,False,0.95
q1174,C,C,True,0.8,C,True,0.8,C,True,0.95,A,False,0.0,C,True,0.95
q1175,B,B,True,0.9,B,True,0.9,B,True,0.85,D,False,0.85,A,False,0.85
q1176,D,D,True,0.9,C,False,0.9,C,False,0.95,C,False,0.85,C,False,0.95
q1177,C,C,True,0.9,C,True,0.9,C,True,0.95,C,True,0.95,C,True,0.95
q1178,B,C,False,0.9,B,True,0.9,E,False,0.95,B,True,0.85,B,True,0.85
q1179,C,C,True,0.9,C,True,0.9,D,False,0.95,D,False,0.85,C,True,0.95
q1180,A,A,True,0.9,D,False,0.9,D,False,0.95,D,False,0.85,D,False,0.95
q1181,E,E,True,0.9,E,True,0.9,C,False,0.95,E,True,0.85,E,True,0.95
q1182,A,A,True,0.9,A,True,0.8,A,True,0.95,B,False,0.85,A,True,0.95
q1183,C,A,False,0.9,D,False,0.9,A,False,0.95,B,False,0.85,A,False,0.95
q1184,E,A,False,0.9,B,False,0.9,B,False,0.95,E,True,0.85,A,False,0.95
q1185,C,C,True,0.9,C,True,0.95,B,False,0.95,B,False,0.95,B,False,0.95
q1186,C,C,True,0.9,C,True,0.9,A,False,0.95,A,False,0.95,C,True,0.95
q1187,B,B,True,0.9,B,True,0.9,B,True,0.95,B,True,0.95,B,True,0.95
q1188,C,C,True,0.9,C,True,1.0,A,False,0.0,A,False,0.0,A,False,0.0
q1189,D,D,True,0.9,D,True,0.9,D,True,0.95,D,True,0.95,D,True,0.95
q1190,E,E,True,0.9,E,True,0.9,E,True,0.95,E,True,0.95,E,True,0.95
q1191,C,C,True,0.9,B,False,0.9,B,False,0.85,B,False,0.75,B,False,0.95
q1192,A,A,True,0.9,A,True,0.8,A,True,0.95,A,True,0.85,A,True,0.95
q1193,D,A,False,0.9,A,False,0.9,A,False,0.95,A,False,0.85,A,False,0.95
q1194,E,C,False,0.9,E,True,0.7,A,False,0.85,C,False,0.85,B,False,0.9
q1195,B,B,True,0.9,B,True,0.9,B,True,0.95,B,True,0.85,B,True,0.95
q1196,D,D,True,0.9,D,True,0.9,D,True,0.95,D,True,0.95,D,True,0.95
q1197,C,D,False,0.85,C,True,0.85,C,True,0.85,A,False,0.0,D,False,0.95
q1198,B,E,False,0.9,E,False,0.9,C,False,0.95,E,False,0.85,E,False,0.95
q1199,A,A,True,0.9,A,True,0.9,A,True,0.8,A,True,0.85,A,True,0.95
q1200,B,B,True,0.9,B,True,0.9,B,True,0.95,B,True,0.95,B,True,0.95
q1201,D,D,True,0.95,D,True,0.9,D,True,0.95,D,True,0.85,D,True,0.85
q1202,A,A,True,0.9,A,True,0.9,A,True,0.95,A,True,0.95,A,True,0.95
q1203,C,E,False,1.0,E,False,1.0,C,True,0.95,C,True,0.8,C,True,0.95
q1204,A,A,True,1.0,A,True,0.9,A,True,0.95,A,True,0.95,A,True,0.95
q1205,E,E,True,0.85,E,True,0.9,E,True,0.95,A,False,0.95,A,False,0.95
q1206,A,B,False,0.9,E,False,1.0,E,False,0.95,E,False,0.2,B,False,0.85
q1207,B,D,False,0.9,B,True,0.9,C,False,0.95,C,False,0.85,B,True,0.95
q1208,D,D,True,0.9,E,False,0.95,E,False,0.95,E,False,0.95,E,False,0.95
q1209,A,B,False,0.9,B,False,0.9,B,False,0.95,B,False,0.95,B,False,0.85
q1210,C,D,False,0.9,D,False,0.85,C,True,0.8,A,False,0.0,D,False,0.85
q1211,C,A,False,0.9,C,True,0.6,A,False,0.95,A,False,0.0,A,False,0.0
q1212,B,B,True,0.9,B,True,0.8,B,True,0.95,B,True,0.85,C,False,0.85
q1213,E,E,True,0.9,C,False,0.9,D,False,0.95,C,False,0.85,C,False,0.85
q1214,A,A,True,0.9,B,False,0.9,B,False,0.95,E,False,0.95,B,False,0.95
q1215,A,B,False,0.9,B,False,0.8,B,False,0.95,B,False,0.85,B,False,0.95
q1216,A,E,False,0.9,E,False,0.9,E,False,0.95,E,False,0.95,E,False,0.95
q1217,E,E,True,0.9,A,False,0.9,E,True,0.85,E,True,0.85,B,False,0.95
q1218,B,A,False,0.9,A,False,0.85,E,False,0.95,B,True,0.85,A,False,0.95
q1219,C,C,True,0.95,C,True,0.9,C,True,0.95,C,True,0.95,C,True,0.95
q1220,A,C,False,0.9,B,False,0.8,C,False,0.85,A,True,0.8,C,False,0.85
q1221,B,C,False,0.9,C,False,0.9,C,False,0.95,B,True,0.85,C,False,0.95
q1222,D,C,False,0.9,C,False,0.8,C,False,0.95,C,False,0.85,C,False,0.95
q1223,A,B,False,0.9,A,True,0.8,A,True,0.95,A,True,0.95,A,True,0.95
q1224,E,C,False,0.9,C,False,0.95,A,False,0.95,C,False,0.85,C,False,0.95
q1225,B,B,True,0.9,B,True,0.9,B,True,0.95,B,True,0.85,A,False,0.95
q1226,E,E,True,0.9,E,True,0.9,E,True,0.95,E,True,0.8,E,True,0.95
q1227,C,E,False,0.9,E,False,0.9,E,False,0.95,E,False,0.95,C,True,0.85
q1228,C,C,True,0.9,C,True,0.8,C,True,0.95,C,True,0.8,C,True,0.85
q1229,D,B,False,0.9,D,True,0.9,A,False,0.0,D,True,0.85,E,False,0.95
q1230,E,C,False,0.9,C,False,0.9,C,False,0.85,C,False,0.95,B,False,0.85
q1231,A,A,True,1.0,A,True,1.0,A,True,0.85,A,True,0.85,A,True,0.95
q1232,B,B,True,1.0,B,True,1.0,B,True,0.95,B,True,0.95,B,True,0.95
q1233,B,B,True,0.9,B,True,0.9,E,False,0.85,E,False,0.85,E,False,0.9
q1234,C,E,False,0.9,E,False,0.8,E,False,0.95,C,True,0.95,C,True,0.95
q1235,A,A,True,1.0,A,True,0.8,E,False,0.95,A,True,0.85,E,False,0.95
q1236,C,C,True,0.9,C,True,0.9,C,True,0.95,C,True,0.95,C,True,0.95
q1237,A,D,False,0.9,A,True,0.8,A,True,0.95,A,True,0.85,A,True,0.95
q1238,D,A,False,0.95,A,False,0.9,D,True,0.85,D,True,0.85,D,True,0.85
q1239,D,D,True,0.95,D,True,0.9,B,False,0.85,B,False,0.85,B,False,0.95
q1240,A,A,True,0.9,A,True,0.9,A,True,0.95,A,True,0.8,A,True,0.95
q1241,E,A,False,0.9,A,False,0.9,A,False,0.95,A,False,0.85,A,False,0.95
q1242,C,C,True,0.9,C,True,0.9,C,True,0.95,C,True,0.95,C,True,0.85
q1243,E,C,False,0.95,C,False,0.9,C,False,0.95,C,False,0.85,C,False,0.95
q1244,A,C,False,0.8,C,False,0.8,A,True,0.95,D,False,0.85,D,False,0.95
q1245,B,A,False,0.85,D,False,0.9,E,False,0.95,B,True,0.85,E,False,0.95
q1246,C,C,True,0.9,C,True,0.8,A,False,0.95,C,True,0.95,C,True,0.95
q1247,B,C,False,0.9,A,False,0.5,E,False,0.95,E,False,0.95,A,False,0.7
q1248,E,D,False,0.9,E,True,0.9,D,False,0.95,D,False,0.95,D,False,0.85
q1249,D,D,True,0.8,D,True,0.8,C,False,0.95,D,True,0.85,D,True,0.95
q1250,B,D,False,0.9,D,False,0.9,D,False,0.95,D,False,0.95,D,False,0.85
q1251,A,A,True,0.9,A,True,0.9,A,True,0.95,A,True,0.95,A,True,0.95
q1252,B,B,True,0.9,B,True,0.8,B,True,0.95,B,True,0.85,B,True,0.85
q1253,B,B,True,0.95,B,True,0.9,B,True,0.95,B,True,0.95,B,True,0.95
q1254,B,E,False,0.95,B,True,0.9,E,False,0.95,E,False,0.95,B,True,0.85
q1255,B,C,False,0.9,C,False,1.0,C,False,0.95,D,False,0.95,A,False,0.0
q1256,B,B,True,0.9,C,False,0.9,B,True,0.95,B,True,0.95,C,False,0.95
q1257,E,D,False,0.8,A,False,0.9,D,False,0.95,B,False,0.85,D,False,0.85
q1258,A,A,True,0.9,A,True,0.9,A,True,0.95,A,True,0.98,A,True,0.95
q1259,C,C,True,0.95,C,True,0.9,C,True,0.95,D,False,0.95,A,False,0.95
q1260,C,A,False,0.9,A,False,0.8,B,False,0.95,B,False,0.85,B,False,0.95
q1261,D,D,True,0.9,D,True,0.9,D,True,0.95,D,True,0.95,D,True,0.95
q1262,C,A,False,0.9,A,False,1.0,A,False,0.95,A,False,0.85,A,False,0.95
q1263,A,D,False,0.9,D,False,0.9,D,False,0.95,D,False,0.8,B,False,0.85
q1264,B,E,False,0.9,E,False,0.95,A,False,0.95,E,False,0.85,E,False,0.85
q1265,B,B,True,0.9,B,True,0.9,B,True,0.95,B,True,0.95,B,True,0.95
q1266,C,D,False,0.9,D,False,0.9,D,False,0.85,D,False,0.85,E,False,0.95
q1267,B,B,True,0.9,B,True,0.95,B,True,0.95,A,False,0.95,B,True,0.95
q1268,E,E,True,0.9,C,False,0.8,E,True,0.95,E,True,0.95,B,False,0.95
q1269,E,B,False,0.9,A,False,0.8,C,False,0.85,A,False,0.85,A,False,0.85
q1270,C,B,False,0.9,B,False,0.8,B,False,0.85,B,False,0.85,B,False,0.95
q1271,C,C,True,0.9,C,True,0.9,C,True,0.95,C,True,0.95,A,False,0.0
q1272,C,C,True,0.95,C,True,0.85,E,False,0.95,E,False,0.85,C,True,0.85
